CODPRED;NOMBRE_TF;NOMBRE_PREDIO;NOMBRE_TF_AUXILIAR;NOMBRE_PREDIO_AUXILIAR;RESOLUCION_TF;FECHA_RES_TF;TIPO_DE_RES;SUPERFICIE_PREDIO;SUP_DISP;SUP_NODISP;TIPO_TF;CLASIFICACION;CALIFICACION;DEPARTAMENTO;PROVINCIA;MUNICIPIO;MODALIDAD;NRO FOLIO REAL;CLASE_RES;DETALLE_RECTIFI;NOTA REMISION_UADM;FECHA_REM;HR_REMISION;FECHA_HR;GESTION_REPORTE;OBS_REPORTE;NOTA_CATASTRO_CC;CERTIF_TAN;FECHA_REVI;REGISTRO DDRR;NOTA EXTERNA ENVIO DDRR;HR DDRR;NOTA REMITIDA VIA SANEAMIENTO CATASTRO;OBS_PROCONT;OBS_COMPENSACION;OBSERVACION 1;0;COD_INV;EXPEDIENTE;NUMERO_ARCHIVADOR;CUERPOS;GAVETERO;CAJA;OBS_INVENTARIO;RESPONSABLE;DIRECTOR;REPORTE TF;PROCESO_CONTENCIOSO;ESTADO;ESTADO GLOBAL
122052;TIERRA FISCAL;TIERRA FISCAL;TIERRA FISCAL;TIERRA FISCAL;RA-CS No0500/2008;30/6/2008;ADMINISTRATIVA;13.2409;13.2409;;IDENTIFICADA;TIERRA FISCAL;TIERRA FISCAL;LA PAZ;;;CAT-SAN;;;;;;;;2008;;;FALSO;;DN HRI Nro 15495/2018 y DGAT-CI-  Nº  417/2018 y 20 de Junio de 2018;DN-C-EXT. N°. 444/2018 24 de julio de 2018 Validado;;;;;SIN VALIDARHR CATASTRO>DDRR:15495/2018INF CAT:DGAT UCR INF Nº 1807/2018 (25/07/2018)SEG. HR:SOL.PRESI:  SOBRE.POSI.AREA.PROT:   SOBRE.POSI.AREA.PROT:  INF_INSP:  AP:  CONTENCIOSO:  OBS_DDRR:NOTA REMITIDA POR DISTRIBUCION A CATASTRO;0;;;;;;;;MARIBEL TELLEZ;JUAN CARLOS ROJAS CALIZAYA;REVISAR REPORTE;;REPORTADO - AREA URBANA;TIERRA FISCAL VIGENTE
122126;TIERRA FISCAL;TIERRA FISCAL;TIERRA FISCAL;TIERRA FISCAL;RA-CS No0502/2008;30/6/2008;ADMINISTRATIVA;56.2363;56.2363;;IDENTIFICADA;TIERRA FISCAL;TIERRA FISCAL;LA PAZ;;;CAT-SAN;;;;DGS No3427/2009;15/12/2009;;;2009;;;FALSO;;DGAT 863/2018 1 de octubre de 2018;;;;;;  OBS_DDRR:NOTA REMITIDA POR DISTRIBUCION A CATASTRO;;;;;;;;;MARIBEL TELLEZ;JUAN CARLOS ROJAS CALIZAYA;SI;;REPORTADO;TIERRA FISCAL VIGENTE
122127;TIERRA FISCAL;TIERRA FISCAL;TIERRA FISCAL;TIERRA FISCAL;RA-CS No0501/2008;30/6/2008;ADMINISTRATIVA;8.6163;8.6163;;IDENTIFICADA;TIERRA FISCAL;TIERRA FISCAL;LA PAZ;;;CAT-SAN;;;;;;;;2008;;;FALSO;;DGAT 863/2018 1 de octubre de 2018;;;;;;  OBS_DDRR:NOTA REMITIDA POR DISTRIBUCION A CATASTRO;0;;;;;;;;MARIBEL TELLEZ;JUAN CARLOS ROJAS CALIZAYA;REVISAR REPORTE;;REPORTADO;TIERRA FISCAL VIGENTE
122128;TIERRA FISCAL;TIERRA FISCAL;TIERRA FISCAL;TIERRA FISCAL;RA-CS No0635/2008;19/8/2008;ADMINISTRATIVA;9.7025;9.7025;;IDENTIFICADA;TIERRA FISCAL;TIERRA FISCAL;LA PAZ;;;CAT-SAN;;;;DGS-JRA No1694/2008;5/12/2008;;;2008;;;FALSO;;DGAT 863/2018 1 de octubre de 2018;;;;;;  OBS_DDRR:NOTA REMITIDA POR DISTRIBUCION A CATASTRO;;;;;;;;;MARIBEL TELLEZ;JUAN CARLOS ROJAS CALIZAYA;SI;;REPORTADO;TIERRA FISCAL VIGENTE
122130;TIERRA FISCAL;TIERRA FISCAL;TIERRA FISCAL;TIERRA FISCAL;RA-CS No0616/2008;12/8/2008;ADMINISTRATIVA;644.14;644.14;;IDENTIFICADA;TIERRA FISCAL;TIERRA FISCAL;LA PAZ;;;CAT-SAN;;;;DGS-JRA No1694/2008;5/12/2008;;;2008;;;FALSO;;DGAT 863/2018 1 de octubre de 2018;;;;;;  OBS_DDRR:NOTA REMITIDA POR DISTRIBUCION A CATASTRO;;;;;;;;;MARIBEL TELLEZ;JUAN CARLOS ROJAS CALIZAYA;SI;;REPORTADO;TIERRA FISCAL VIGENTE
122131;TIERRA FISCAL;TIERRA FISCAL;TIERRA FISCAL;TIERRA FISCAL;RA-CS No0638/2008;19/8/2008;ADMINISTRATIVA;357.3491;357.3491;;IDENTIFICADA;TIERRA FISCAL;TIERRA FISCAL;LA PAZ;;;CAT-SAN;;;;DGS-JRA No1694/2008;5/12/2008;;;2008;;;FALSO;;DGAT 863/2018 1 de octubre de 2018;;;;;;  OBS_DDRR:NOTA REMITIDA POR DISTRIBUCION A CATASTRO;;;;;;;;;MARIBEL TELLEZ;JUAN CARLOS ROJAS CALIZAYA;SI;;REPORTADO;TIERRA FISCAL VIGENTE
122132;TIERRA FISCAL;TIERRA FISCAL;TIERRA FISCAL;TIERRA FISCAL;RA-CS No267/2008;30/4/2008;ADMINISTRATIVA;12.1082;12.1082;;IDENTIFICADA;TIERRA FISCAL;TIERRA FISCAL;LA PAZ;;;CAT-SAN;;;;;;;;2008;;;FALSO;16/1/2015;NOTA DGAT 852/2018 - HR 25297/2018 - 27/09/2018;;;;;;  OBS_DDRR:NOTA REMITIDA POR DISTRIBUCION A CATASTRO;0;;;43;;;;;NIEVEZ MORALES;JUAN CARLOS ROJAS CALIZAYA;REVISAR NOTA DE REMISION;;REPORTADO;TIERRA FISCAL VIGENTE
122133;TIERRA FISCAL;TIERRA FISCAL;TIERRA FISCAL;POR DEFINIR;RA-SS N°262/2008;30/4/2008;ADMINISTRATIVA;50.9984;;;SIN DEFINIR;SIN DEFINIR;SIN DEFINIR;LA PAZ;;;SIN DEFINIR;2.20.1.05.0001335;;;DGCR -CI No 725/2026;15/7/2026;DN HRI No 9715/2026;15/7/2026;2026;;;FALSO;21/7/2026;;;;;;;;;;;;;;;;NIEVEZ MORALES;JUAN CARLOS ROJAS;SI;;REPORTADO;TIERRA FISCAL VIGENTE
122134;TIERRA FISCAL;TIERRA FISCAL;TIERRA FISCAL;TIERRA FISCAL;RA-CS No0636/2008;31/7/2008;ADMINISTRATIVA;9.597;9.597;;IDENTIFICADA;TIERRA FISCAL;TIERRA FISCAL;LA PAZ;;;CAT-SAN;;;;DGS-JRA No1694/2008;5/12/2008;;;2008;;;FALSO;;DGAT 863/2018 1 de octubre de 2018;;;;;;  OBS_DDRR:NOTA REMITIDA POR DISTRIBUCION A CATASTRO;;;;;;;;;MARIBEL TELLEZ;JUAN CARLOS ROJAS CALIZAYA;SI;;REPORTADO;TIERRA FISCAL VIGENTE
122136;TIERRA FISCAL;TIERRA FISCAL;TIERRA FISCAL;TIERRA FISCAL;RA-CS No0639/2008;19/8/2008;ADMINISTRATIVA;614.2019;614.2019;;IDENTIFICADA;TIERRA FISCAL;TIERRA FISCAL;LA PAZ;;;CAT-SAN;;;;DGS-JRA No1694/2008;5/12/2008;;;2008;;;FALSO;;DN HRI Nro 15495/2018 y DGAT-CI-  Nº  417/2018 y 20 de Junio de 2018;DN-C-EXT. N°. 444/2018 24 de julio de 2018 Validado;;;;;SIN VALIDARHR CATASTRO>DDRR:15495/2018INF CAT:DGAT UCR INF Nº 1807/2018 (25/07/2018)SEG. HR:SEG. HR:SEG. HR:SEG. HR: INF_INSP:  AP:  CONTENCIOSO:  OBS_DDRR:NOTA REMITIDA POR DISTRIBUCION A CATASTRO;;;;;;;;SE REALIZO LA INSPECCION  INF DGAT-UATF-AAHH INF No.700/2023 arrimado en carpeta de palanca;MARIBEL TELLEZ;JUAN CARLOS ROJAS CALIZAYA;SI;;REPORTADO - AREA URBANA;TIERRA FISCAL VIGENTE
122138;TIERRA FISCAL;TIERRA FISCAL;TIERRA FISCAL;TIERRA FISCAL;RA-CS No0637/2008;19/8/2008;ADMINISTRATIVA;10.6633;10.6633;;IDENTIFICADA;TIERRA FISCAL;TIERRA FISCAL;LA PAZ;;;CAT-SAN;;;;DGS-JRA No1694/2008;5/12/2008;;;2008;;;FALSO;;DGAT 863/2018 1 de octubre de 2018;;;;;;  OBS_DDRR:NOTA REMITIDA POR DISTRIBUCION A CATASTRO;;;;;;;;;MARIBEL TELLEZ;JUAN CARLOS ROJAS CALIZAYA;SI;;REPORTADO;TIERRA FISCAL VIGENTE
122177;TIERRA FISCAL;TIERRA FISCAL;TIERRA FISCAL;TIERRA FISCAL;RA-CS No0634/2008;19/8/2008;ADMINISTRATIVA;5.8801;5.8801;;IDENTIFICADA;TIERRA FISCAL;TIERRA FISCAL;LA PAZ;;;CAT-SAN;;;;DGS JRA No1694/2008;5/12/2008;;;2008;;;FALSO;;DGAT 863/2018 1 de octubre de 2018;;;;;;  OBS_DDRR:NOTA REMITIDA POR DISTRIBUCION A CATASTRO;;;;;;;;;MARIBEL TELLEZ;JUAN CARLOS ROJAS CALIZAYA;SI;;REPORTADO;TIERRA FISCAL VIGENTE
122178;TIERRA FISCAL;TIERRA FISCAL;TIERRA FISCAL;TIERRA FISCAL;RA-CS No265/2008;30/4/2008;ADMINISTRATIVA;243.0134;243.0134;;IDENTIFICADA;TIERRA FISCAL;TIERRA FISCAL;LA PAZ;;;CAT-SAN;;;;;;;;2008;;;FALSO;16/1/2015;DN HRI Nro 15495/2018 y DGAT-CI-  Nº  417/2018 y 20 de Junio de 2018;DN-C-EXT. N°. 444/2018 24 de julio de 2018 Validado;;;;;SIN VALIDARHR CATASTRO>DDRR:15495/2018INF CAT:DGAT UCR INF 1807/2018 (25/07/2018)SEG. HR:SEG. HR:SEG. HR:SEG. HR: INF_INSP:  AP:  CONTENCIOSO:  OBS_DDRR:NOTA REMITIDA POR DISTRIBUCION A CATASTRO;0;;;43;;;;;NIEVEZ MORALES;JUAN CARLOS ROJAS CALIZAYA;REVISAR NOTA DE REMISION;;REPORTADO - AREA URBANA;TIERRA FISCAL VIGENTE
122179;TIERRA FISCAL;TIERRA FISCAL;TIERRA FISCAL;TIERRA FISCAL;RA-CS No0640/2008;19/8/2008;ADMINISTRATIVA;0.9023;0.9023;;IDENTIFICADA;TIERRA FISCAL;TIERRA FISCAL;LA PAZ;;;CAT-SAN;;;;DGS-JRA No1694/2008;5/12/2008;;;2008;;;FALSO;;DGAT 863/2018 1 de octubre de 2018;;;;;;  OBS_DDRR:NOTA REMITIDA POR DISTRIBUCION A CATASTRO;;;;;;;;;MARIBEL TELLEZ;JUAN CARLOS ROJAS CALIZAYA;SI;;REPORTADO;TIERRA FISCAL VIGENTE
122180;TIERRA FISCAL;TIERRA FISCAL;TIERRA FISCAL;TIERRA FISCAL;RA-CS No266/2008;30/4/2008;ADMINISTRATIVA;55.1022;55.1022;;IDENTIFICADA;TIERRA FISCAL;TIERRA FISCAL;LA PAZ;;;CAT-SAN;;;;;;;;2008;;;VERDADERO;16/1/2015;NOTA DGAT 852/2018 - HR 25297/2018 - 27/09/2018 -- DGAT-CI-  Nº  931/2018HR 27154/2018 17/10/2018;;;;;;  OBS_DDRR:NOTA REMITIDA POR DISTRIBUCION A CATASTRO;0;;;43;;;;;NIEVEZ MORALES;JUAN CARLOS ROJAS CALIZAYA;REVISAR NOTA DE REMISION;;REPORTADO;TIERRA FISCAL VIGENTE
122188;TIERRA FISCAL;TIERRA FISCAL;TIERRA FISCAL;TIERRA FISCAL;RA-CS No0507/2008;30/6/2008;ADMINISTRATIVA;50.443;50.443;;IDENTIFICADA;TIERRA FISCAL;TIERRA FISCAL;LA PAZ;;;CAT-SAN;;;;;;;;2008;;;FALSO;;DGAT 863/2018 1 de octubre de 2018;;;;;;  OBS_DDRR:NOTA REMITIDA POR DISTRIBUCION A CATASTRO;0;;;;;;;;MARIBEL TELLEZ;JUAN CARLOS ROJAS CALIZAYA;REVISAR REPORTE;;REPORTADO;TIERRA FISCAL VIGENTE
122190;TIERRA FISCAL;TIERRA FISCAL;TIERRA FISCAL;TIERRA FISCAL;RA-CS No0503/2008;30/6/2008;ADMINISTRATIVA;100.3823;100.3823;;IDENTIFICADA;TIERRA FISCAL;TIERRA FISCAL;LA PAZ;;;CAT-SAN;;;;;;;;2008;;;FALSO;;DGAT 863/2018 1 de octubre de 2018;;;;;;  OBS_DDRR:NOTA REMITIDA POR DISTRIBUCION A CATASTRO;0;;;;;;;;MARIBEL TELLEZ;JUAN CARLOS ROJAS CALIZAYA;REVISAR REPORTE;;REPORTADO;TIERRA FISCAL VIGENTE
122209;TIERRA FISCAL;TIERRA FISCAL;TIERRA FISCAL;TIERRA FISCAL;RA-CS No0643/2008;19/8/2008;ADMINISTRATIVA;0.8826;0.8826;;IDENTIFICADA;TIERRA FISCAL;TIERRA FISCAL;LA PAZ;;;CAT-SAN;;;;DGS-JRA No1694/2008;5/12/2008;;;2008;;;FALSO;;DGAT 863/2018 1 de octubre de 2018;;;;;;  OBS_DDRR:NOTA REMITIDA POR DISTRIBUCION A CATASTRO;;;;;;;;;MARIBEL TELLEZ;JUAN CARLOS ROJAS CALIZAYA;SI;;REPORTADO;TIERRA FISCAL VIGENTE
122213;TIERRA FISCAL;TIERRA FISCAL;TIERRA FISCAL;TIERRA FISCAL;RA-CS No0222/2008;25/4/2008;ADMINISTRATIVA;12.9068;12.9068;;IDENTIFICADA;TIERRA FISCAL;TIERRA FISCAL;LA PAZ;;;CAT-SAN;;;;DGS-JRA No0667/2008;20/6/2008;;;2008;;;FALSO;2/4/2015;DGAT 863/2018 1 de octubre de 2018;;;;;;  OBS_DDRR:NOTA REMITIDA POR DISTRIBUCION A CATASTRO;;;;15;;;;;NIEVEZ MORALES;JUAN CARLOS ROJAS CALIZAYA;SI;;REPORTADO;TIERRA FISCAL VIGENTE
122218;TIERRA FISCAL;COLONIA BUENA ESPERANZA;TIERRA FISCAL;COLONIA BUENA ESPERANZA;RA-CS No0223/2008;25/4/2008;ADMINISTRATIVA;2.315;2.315;;IDENTIFICADA;TIERRA FISCAL;TIERRA FISCAL;LA PAZ;;;CAT-SAN;;;;DGS-JRA-No0667/2008;20/6/2008;;;2008;;;FALSO;2/4/2015;DGAT 863/2018 1 de octubre de 2018;;;;;;  OBS_DDRR:NOTA REMITIDA POR DISTRIBUCION A CATASTRO;;;;15;;;;;NIEVEZ MORALES;JUAN CARLOS ROJAS CALIZAYA;SI;;REPORTADO;TIERRA FISCAL VIGENTE
122267;TIERRA FISCAL;TIERRA FISCAL;TIERRA FISCAL;TIERRA FISCAL;RA-CS No0498/2008;30/6/2008;ADMINISTRATIVA;38.5385;38.5385;;IDENTIFICADA;TIERRA FISCAL;TIERRA FISCAL;LA PAZ;;;CAT-SAN;;;;;;;;2008;;;FALSO;;DGAT 863/2018 1 de octubre de 2018;;;;;;  OBS_DDRR:NOTA REMITIDA POR DISTRIBUCION A CATASTRO;0;;;;;;;;MARIBEL TELLEZ;JUAN CARLOS ROJAS CALIZAYA;REVISAR REPORTE;;REPORTADO;TIERRA FISCAL VIGENTE
122268;TIERRA FISCAL;TIERRA FISCAL;TIERRA FISCAL;TIERRA FISCAL;RA-CS No0499/2008;30/6/2008;ADMINISTRATIVA;74.7545;74.7545;;IDENTIFICADA;TIERRA FISCAL;TIERRA FISCAL;LA PAZ;;;CAT-SAN;;;;;;;;2008;;;FALSO;;DGAT 863/2018 1 de octubre de 2018;;;;;;  OBS_DDRR:NOTA REMITIDA POR DISTRIBUCION A CATASTRO;0;;;;;;;;MARIBEL TELLEZ;JUAN CARLOS ROJAS CALIZAYA;REVISAR REPORTE;;REPORTADO;TIERRA FISCAL VIGENTE
122272;TIERRA FISCAL;TIERRA FISCAL;TIERRA FISCAL;TIERRA FISCAL;RA-CS No0591/2008;8/8/2008;ADMINISTRATIVA;122.4576;0;;IDENTIFICADA;TIERRA FISCAL;TIERRA FISCAL;LA PAZ;;;CAT-SAN;;;;;;;;2008;;;FALSO;16/1/2015;NOTA REMITIDA DGAT-CI Nº 510/2017 DE FECHA 04/10/2017 HR 26338/2017- NOTA REMITIDA DGAT-CI Nº 587/2017 DE FECHA 07/11/2017;;;;;;RES. LEGALIZADAHR CATASTRO>DDRR:INF CAT:SEG. HR:SEG. HR:SEG. HR:SEG. HR: INF_INSP:  AP:  CONTENCIOSO:  OBS_DDRR:NOTA REMITIDA POR DISTRIBUCION A CATASTRO;0;;;43;;;;;NIEVEZ MORALES;JUAN CARLOS ROJAS CALIZAYA;REVISAR NOTA DE REMISION;;REPORTADO;TIERRA FISCAL VIGENTE
122274;TIERRA FISCAL;TIERRA FISCAL;TIERRA FISCAL;TIERRA FISCAL;RA-CS No0592/2008;8/8/2008;ADMINISTRATIVA;314.7759;0;;IDENTIFICADA;TIERRA FISCAL;TIERRA FISCAL;LA PAZ;;;CAT-SAN;;;;;;;;2008;;;FALSO;16/1/2015;DGAT 863/2018 1 de octubre de 2018;;;;;;  OBS_DDRR:NOTA REMITIDA POR DISTRIBUCION A CATASTRO;0;;;43;;;;;NIEVEZ MORALES;JUAN CARLOS ROJAS CALIZAYA;REVISAR NOTA DE REMISION;;REPORTADO;TIERRA FISCAL VIGENTE
122275;TIERRA FISCAL;TIERRA FISCAL;TIERRA FISCAL;TIERRA FISCAL;RA-CS No0590/2008;8/8/2008;ADMINISTRATIVA;377.1782;377.1782;;IDENTIFICADA;TIERRA FISCAL;TIERRA FISCAL;LA PAZ;;;CAT-SAN;;;;SIN/NOTA;30/12/2009;;;2009;;SIN NOTA;FALSO;26/1/2015;NOTA REMITIDA DGAT-CI Nº 587/2017 DE FECHA 07/11/2017;;;;;;  OBS_DDRR:NOTA REMITIDA POR DISTRIBUCION A CATASTRO;;;;8;;;;;CLETO MIRANDA;JUAN CARLOS ROJAS CALIZAYA;SI;;REPORTADO;TIERRA FISCAL VIGENTE
122276;TIERRA FISCAL;TIERRA FISCAL;TIERRA FISCAL;TIERRA FISCAL;RA-CS No0587/2008;8/8/2008;ADMINISTRATIVA;27.0927;0;;IDENTIFICADA;TIERRA FISCAL;TIERRA FISCAL;LA PAZ;;;CAT-SAN;;;;;;;;2008;;;FALSO;16/1/2015;DGAT 863/2018 1 de octubre de 2018;;;;;;  OBS_DDRR:NOTA REMITIDA POR DISTRIBUCION A CATASTRO;0;;;43;;;;;NIEVEZ MORALES;JUAN CARLOS ROJAS CALIZAYA;REVISAR NOTA DE REMISION;;REPORTADO;TIERRA FISCAL VIGENTE
122277;TIERRA FISCAL;TIERRA FISCAL;TIERRA FISCAL;TIERRA FISCAL;RA-CS No0910/2008;28/11/2008;ADMINISTRATIVA;22.0516;22.0516;;IDENTIFICADA;TIERRA FISCAL;TIERRA FISCAL;LA PAZ;;;CAT-SAN;;;;DGS-JRA No1827/2008;28/11/2008;;;2008;;SIN NOTA;FALSO;27/1/2015;DGAT 863/2018 1 de octubre de 2018;;;;;;  OBS_DDRR:NOTA REMITIDA POR DISTRIBUCION A CATASTRO;;;;8;;;;;CLETO MIRANDA;JUAN CARLOS ROJAS CALIZAYA;SI;;REPORTADO;TIERRA FISCAL VIGENTE
122280;TIERRA FISCAL;TIERRA FISCAL;TIERRA FISCAL;TIERRA FISCAL;RA-CS No0911/2008;28/11/2008;ADMINISTRATIVA;110.6078;0;;IDENTIFICADA;TIERRA FISCAL;TIERRA FISCAL;LA PAZ;;;CAT-SAN;;;;DGS-JRA No1827/2008;28/11/2008;;;2008;;SIN NOTA;FALSO;27/1/2015;DGAT 863/2018 1 de octubre de 2018;;;;;;  OBS_DDRR:NOTA REMITIDA POR DISTRIBUCION A CATASTRO;;;;8;;;;;CLETO MIRANDA;JUAN CARLOS ROJAS CALIZAYA;SI;;REPORTADO;TIERRA FISCAL VIGENTE
122531;TIERRA FISCAL;TIERRA FISCAL;TIERRA FISCAL;TIERRA FISCAL;RA-CS No0173/2008;8/4/2008;ADMINISTRATIVA;83.0895;83.0895;;IDENTIFICADA;TIERRA FISCAL;TIERRA FISCAL;LA PAZ;;;CAT-SAN;;;;;;;;2008;;;FALSO;16/1/2015;DGAT 863/2018 1 de octubre de 2018;;;;;;  OBS_DDRR:NOTA REMITIDA POR DISTRIBUCION A CATASTRO;0;;;43;;;;;NIEVEZ MORALES;JUAN CARLOS ROJAS CALIZAYA;REVISAR NOTA DE REMISION;;REPORTADO;TIERRA FISCAL VIGENTE
122578;TIERRA FISCAL;COLONIA MONTE MAYOR;TIERRA FISCAL;COLONIA MONTE MAYOR;RA-CS No0192/2008;9/4/2008;ADMINISTRATIVA;8.9865;8.9865;;IDENTIFICADA;TIERRA FISCAL;TIERRA FISCAL;LA PAZ;;;CAT-SAN;;;;DGS-JRA No955/2008;21/8/2008;;;2008;;;FALSO;17/3/2015;DGAT-CI-  Nº  931/2018HR 27154/2018 17/10/2018;;;;;;  OBS_DDRR:NOTA REMITIDA POR DISTRIBUCION A CATASTRO;;;;15;;;;;NIEVEZ MORALES;JUAN CARLOS ROJAS CALIZAYA;SI;;REPORTADO;TIERRA FISCAL VIGENTE
122579;TIERRA FISCAL;COLONIA MONTE MAYOR AREA FISCAL;TIERRA FISCAL;COLONIA MONTE MAYOR AREA FISCAL;RA-CS No0186/2008;9/4/2008;ADMINISTRATIVA;3.984;3.984;;IDENTIFICADA;TIERRA FISCAL;TIERRA FISCAL;LA PAZ;;;CAT-SAN;;;;DGS-JRA No955/2008;21/8/2008;;;2009;;;FALSO;17/3/2015;DGAT-CI-  Nº  931/2018HR 27154/2018 17/10/2018;;;;;;  OBS_DDRR:NOTA REMITIDA POR DISTRIBUCION A CATASTRO;;;;15;;;;;NIEVEZ MORALES;JUAN CARLOS ROJAS CALIZAYA;SI;;REPORTADO;TIERRA FISCAL VIGENTE
122591;TIERRA FISCAL;COLONIA MONTE MAYOR AREA FISCAL;TIERRA FISCAL;COLONIA MONTE MAYOR AREA FISCAL;RA-CS No0189/2008;9/4/2008;ADMINISTRATIVA;16.4334;16.4334;;IDENTIFICADA;TIERRA FISCAL;TIERRA FISCAL;LA PAZ;;;CAT-SAN;;;;DGS-JRA No955/2008;21/8/2008;;;2009;;;FALSO;17/3/2015;DGAT-CI-  Nº  931/2018HR 27154/2018 17/10/2018;;;;;;  OBS_DDRR:NOTA REMITIDA POR DISTRIBUCION A CATASTRO;;;;15;;;;;NIEVEZ MORALES;JUAN CARLOS ROJAS CALIZAYA;SI;;REPORTADO;TIERRA FISCAL VIGENTE
122646;TIERRA FISCAL;TIERRA FISCAL;TIERRA FISCAL;TIERRA FISCAL;RA-CS No0296/2008;15/5/2008;ADMINISTRATIVA;116.9536;116.9536;;IDENTIFICADA;TIERRA FISCAL;TIERRA FISCAL;LA PAZ;;;CAT-SAN;;;;DGS JRA No955/2008;21/8/2008;;;2008;;;FALSO;2/4/2015;NOTA DGAT 852/2018 - HR 25297/2018 - 27/09/2018 --DGAT-CI-  Nº  931/2018HR 27154/2018 17/10/2018;;;;;;  OBS_DDRR:NOTA REMITIDA POR DISTRIBUCION A CATASTRO;;;;15;;;;;NIEVEZ MORALES;JUAN CARLOS ROJAS CALIZAYA;SI;;REPORTADO;TIERRA FISCAL VIGENTE
122815;TIERRA FISCAL;TIERRA FISCAL;TIERRA FISCAL;TIERRA FISCAL;RA-CS No0631/2008;12/9/2008;ADMINISTRATIVA;16.5686;16.5686;;IDENTIFICADA;TIERRA FISCAL;TIERRA FISCAL;LA PAZ;;;CAT-SAN;;;;;;;;2008;;;FALSO;16/1/2015;DGAT 863/2018 1 de octubre de 2018;;;;;;  OBS_DDRR:NOTA REMITIDA POR DISTRIBUCION A CATASTRO;0;;;43;;;;;NIEVEZ MORALES;JUAN CARLOS ROJAS CALIZAYA;REVISAR NOTA DE REMISION;;REPORTADO;TIERRA FISCAL VIGENTE
122831;TIERRA FISCAL;TIERRA FISCAL;TIERRA FISCAL;TIERRA FISCAL;RA-ST No0627/2007;13/11/2007;ADMINISTRATIVA;124.0275;0;;IDENTIFICADA;TIERRA FISCAL;TIERRA FISCAL;LA PAZ;;;CAT-SAN Y SAN-TCO;;;;;;;;2007;;;FALSO;6/2/2015;SUPERFICIE PENDIENTE A LA TCO´S TACANA I;;;;;SUPERFICIE PENDIENTE A LA TCO´S TACANA I;SEG. HR:La  sup. De la Res Adm. Es 1869.5989 ha.SEG. HR:La  sup. De la Res Adm. Es 1869.5989 ha.SEG. HR:La  sup. De la Res Adm. Es 1869.5989 ha.SEG. HR:La  sup. De la Res Adm. Es 1869.5989 ha. INF_INSP:  AP:  CONTENCIOSO:  OBS_DDRR:TF PARA COMPENSAR;0;;;10;;;;;NIEVEZ MORALES;JUAN CARLOS ROJAS CALIZAYA;REVISAR NOTA DE REMISION;;REPORTADO;TIERRA FISCAL VIGENTE
122834;TIERRA FISCAL;TIERRA FISCAL;TIERRA FISCAL;TIERRA FISCAL;RA-ST No0627/2007;13/11/2007;ADMINISTRATIVA;62.0138;0;;IDENTIFICADA;TIERRA FISCAL;TIERRA FISCAL;LA PAZ;;;CAT-SAN Y SAN-TCO;;;;;;;;2007;;;FALSO;6/2/2015;SUPERFICIE PENDIENTE A LA TCO´S TACANA I;;;;;SUPERFICIE PENDIENTE A LA TCO´S TACANA I;SEG. HR:La  sup. De la Res Adm. Es 1869.5989 ha.SEG. HR:La  sup. De la Res Adm. Es 1869.5989 ha.SEG. HR:La  sup. De la Res Adm. Es 1869.5989 ha.SEG. HR:La  sup. De la Res Adm. Es 1869.5989 ha. INF_INSP:  AP:  CONTENCIOSO:  OBS_DDRR:TF PARA COMPENSAR;0;;;10;;;;;NIEVEZ MORALES;JUAN CARLOS ROJAS CALIZAYA;REVISAR NOTA DE REMISION;;REPORTADO;TIERRA FISCAL VIGENTE
122836;TIERRA FISCAL;TIERRA FISCAL;TIERRA FISCAL;TIERRA FISCAL;RA-ST No0627/2007;13/11/2007;ADMINISTRATIVA;248.0551;0;;IDENTIFICADA;TIERRA FISCAL;TIERRA FISCAL;LA PAZ;;;CAT-SAN Y SAN-TCO;;;;;;;;2007;;;FALSO;6/2/2015;SUPERFICIE PENDIENTE A LA TCO´S TACANA I;;;;;SUPERFICIE PENDIENTE A LA TCO´S TACANA I;SEG. HR:La  sup. De la Res Adm. Es 1869.5989 ha.SEG. HR:La  sup. De la Res Adm. Es 1869.5989 ha.SEG. HR:La  sup. De la Res Adm. Es 1869.5989 ha.SEG. HR:La  sup. De la Res Adm. Es 1869.5989 ha. INF_INSP:  AP:  CONTENCIOSO:  OBS_DDRR:TF PARA COMPENSAR;0;;;10;;;;;NIEVEZ MORALES;JUAN CARLOS ROJAS CALIZAYA;REVISAR NOTA DE REMISION;;REPORTADO;TIERRA FISCAL VIGENTE
122838;TIERRA FISCAL;TIERRA FISCAL;TIERRA FISCAL;TIERRA FISCAL;RA-ST No0676/2007;29/11/2007;ADMINISTRATIVA;62.0139;0;;IDENTIFICADA;TIERRA FISCAL;TIERRA FISCAL;LA PAZ;;;CAT-SAN Y SAN-TCO;;;;;;;;2007;;NO TIENE;FALSO;6/2/2015;SUPERFICIE PENDIENTE A LA TCO´S TACANA I;;;;;SUPERFICIE PENDIENTE A LA TCO´S TACANA I;La sup. De  la Res Adm es 1559.4904 ha.HR CATASTRO>DDRR:INF CAT:SEG. HR:SEG. HR:SEG. HR:SEG. HR: INF_INSP:  AP:  CONTENCIOSO:  OBS_DDRR:TF PARA COMPENSAR;0;;;10;;;;;NIEVEZ MORALES;JUAN CARLOS ROJAS CALIZAYA;REVISAR NOTA DE REMISION;;REPORTADO;TIERRA FISCAL VIGENTE
122840;TIERRA FISCAL;TIERRA FISCAL;TIERRA FISCAL;TIERRA FISCAL;RA-ST No0676/2007;29/11/2007;ADMINISTRATIVA;248.0551;0;;IDENTIFICADA;TIERRA FISCAL;TIERRA FISCAL;LA PAZ;;;CAT-SAN Y SAN-TCO;;;;;;;;2007;;NO TIENE;FALSO;6/2/2015;SUPERFICIE PENDIENTE A LA TCO´S TACANA I;;;;;SUPERFICIE PENDIENTE A LA TCO´S TACANA I;La sup. De  la Res Adm es 1559.4904 ha.HR CATASTRO>DDRR:INF CAT:SEG. HR:SEG. HR:SEG. HR:SEG. HR: INF_INSP:  AP:  CONTENCIOSO:  OBS_DDRR:TF PARA COMPENSAR;0;;;10;;;;;NIEVEZ MORALES;JUAN CARLOS ROJAS CALIZAYA;REVISAR NOTA DE REMISION;;REPORTADO;TIERRA FISCAL VIGENTE
122842;TIERRA FISCAL;TIERRA FISCAL;TIERRA FISCAL;TIERRA FISCAL;RA-ST No0676/2007;29/11/2007;ADMINISTRATIVA;62.0138;0;;IDENTIFICADA;TIERRA FISCAL;TIERRA FISCAL;LA PAZ;;;CAT-SAN Y SAN-TCO;;;;;;;;2007;;NO TIENE;FALSO;6/2/2015;SUPERFICIE PENDIENTE A LA TCO´S TACANA I;;;;;SUPERFICIE PENDIENTE A LA TCO´S TACANA I;La sup. De  la Res Adm es 1559.4904 ha.HR CATASTRO>DDRR:INF CAT:SEG. HR:SEG. HR:SEG. HR:SEG. HR: INF_INSP:  AP:  CONTENCIOSO:  OBS_DDRR:TF PARA COMPENSAR;0;;;10;;;;;NIEVEZ MORALES;JUAN CARLOS ROJAS CALIZAYA;REVISAR NOTA DE REMISION;;REPORTADO;TIERRA FISCAL VIGENTE
122844;TIERRA FISCAL;TIERRA FISCAL;TIERRA FISCAL;TIERRA FISCAL;RA-ST No0676/2007;29/11/2007;ADMINISTRATIVA;174.8741;0;;IDENTIFICADA;TIERRA FISCAL;TIERRA FISCAL;LA PAZ;;;CAT-SAN Y SAN-TCO;;;;;;;;2007;;NO TIENE;FALSO;6/2/2015;SUPERFICIE PENDIENTE A LA TCO´S TACANA I;;;;;SUPERFICIE PENDIENTE A LA TCO´S TACANA I;La sup. De  la Res Adm es 1559.4904 ha.HR CATASTRO>DDRR:INF CAT:SEG. HR:SEG. HR:SEG. HR:SEG. HR: INF_INSP:  AP:  CONTENCIOSO:  OBS_DDRR:TF PARA COMPENSAR;0;;;10;;;;;NIEVEZ MORALES;JUAN CARLOS ROJAS CALIZAYA;REVISAR NOTA DE REMISION;;REPORTADO;TIERRA FISCAL VIGENTE
122848;TIERRA FISCAL;TIERRA FISCAL;TIERRA FISCAL;TIERRA FISCAL;RA-ST No0676/2007;29/11/2007;ADMINISTRATIVA;100.312;0;;IDENTIFICADA;TIERRA FISCAL;TIERRA FISCAL;LA PAZ;;;CAT-SAN Y SAN-TCO;;;;;;;;2007;;NO TIENE;FALSO;6/2/2015;SUPERFICIE PENDIENTE A LA TCO´S TACANA I;;;;;SUPERFICIE PENDIENTE A LA TCO´S TACANA I;La sup. De  la Res Adm es 1559.4904 ha.HR CATASTRO>DDRR:INF CAT:SEG. HR:SEG. HR:SEG. HR:SEG. HR: INF_INSP:  AP:  CONTENCIOSO:  OBS_DDRR:TF PARA COMPENSAR;0;;;10;;;;;NIEVEZ MORALES;JUAN CARLOS ROJAS CALIZAYA;REVISAR NOTA DE REMISION;;REPORTADO;TIERRA FISCAL VIGENTE
122852;TIERRA FISCAL;TIERRA FISCAL;TIERRA FISCAL;TIERRA FISCAL;RA-ST No0676/2007;29/11/2007;ADMINISTRATIVA;20.5426;0;;IDENTIFICADA;TIERRA FISCAL;TIERRA FISCAL;LA PAZ;;;CAT-SAN Y SAN-TCO;;;;;;;;2007;;NO TIENE;FALSO;6/2/2015;SUPERFICIE PENDIENTE A LA TCO´S TACANA I;;;;;SUPERFICIE PENDIENTE A LA TCO´S TACANA I;La sup. De  la Res Adm es 1559.4904 ha.HR CATASTRO>DDRR:INF CAT:SEG. HR:SEG. HR:SEG. HR:SEG. HR: INF_INSP:  AP:  CONTENCIOSO:  OBS_DDRR:TF PARA COMPENSAR;0;;;10;;;;;NIEVEZ MORALES;JUAN CARLOS ROJAS CALIZAYA;REVISAR NOTA DE REMISION;;REPORTADO;TIERRA FISCAL VIGENTE
122859;TIERRA FISCAL;TIERRA FISCAL;TIERRA FISCAL;TIERRA FISCAL;RA-ST No0627/2007;13/11/2007;ADMINISTRATIVA;15.6214;0;;IDENTIFICADA;TIERRA FISCAL;TIERRA FISCAL;LA PAZ;;;CAT-SAN Y SAN-TCO;;;;;;;;2007;;;FALSO;6/2/2015;SUPERFICIE PENDIENTE A LA TCO´S TACANA I;;;;;SUPERFICIE PENDIENTE A LA TCO´S TACANA I;SEG. HR:La  sup. De la Res Adm. Es 1869.5989 ha.SEG. HR:La  sup. De la Res Adm. Es 1869.5989 ha.SEG. HR:La  sup. De la Res Adm. Es 1869.5989 ha.SEG. HR:La  sup. De la Res Adm. Es 1869.5989 ha. INF_INSP:  AP:  CONTENCIOSO:  OBS_DDRR:TF PARA COMPENSAR;0;;;10;;;;;NIEVEZ MORALES;JUAN CARLOS ROJAS CALIZAYA;REVISAR NOTA DE REMISION;;REPORTADO;TIERRA FISCAL VIGENTE
122862;TIERRA FISCAL;TIERRA FISCAL;TIERRA FISCAL;TIERRA FISCAL;RA-ST No0627/2007;13/11/2007;ADMINISTRATIVA;22.4397;0;;IDENTIFICADA;TIERRA FISCAL;TIERRA FISCAL;LA PAZ;;;CAT-SAN Y SAN-TCO;;;;;;;;2007;;;FALSO;6/2/2015;SUPERFICIE PENDIENTE A LA TCO´S TACANA I;;;;;SUPERFICIE PENDIENTE A LA TCO´S TACANA I;SEG. HR:La  sup. De la Res Adm. Es 1869.5989 ha.SEG. HR:La  sup. De la Res Adm. Es 1869.5989 ha.SEG. HR:La  sup. De la Res Adm. Es 1869.5989 ha.SEG. HR:La  sup. De la Res Adm. Es 1869.5989 ha. INF_INSP:  AP:  CONTENCIOSO:  OBS_DDRR:TF PARA COMPENSAR;0;;;10;;;;;NIEVEZ MORALES;JUAN CARLOS ROJAS CALIZAYA;REVISAR NOTA DE REMISION;;REPORTADO;TIERRA FISCAL VIGENTE
122872;TIERRA FISCAL;TIERRA FISCAL;TIERRA FISCAL;TIERRA FISCAL;RA-ST No0627/2007;13/11/2007;ADMINISTRATIVA;129.8056;0;;IDENTIFICADA;TIERRA FISCAL;TIERRA FISCAL;LA PAZ;;;CAT-SAN Y SAN-TCO;;;;;;;;2007;;;FALSO;6/2/2015;SUPERFICIE PENDIENTE A LA TCO´S TACANA I;;;;;SUPERFICIE PENDIENTE A LA TCO´S TACANA I;SEG. HR:La  sup. De la Res Adm. Es 1869.5989 ha.SEG. HR:La  sup. De la Res Adm. Es 1869.5989 ha.SEG. HR:La  sup. De la Res Adm. Es 1869.5989 ha.SEG. HR:La  sup. De la Res Adm. Es 1869.5989 ha. INF_INSP:  AP:  CONTENCIOSO:  OBS_DDRR:TF PARA COMPENSAR;0;;;10;;;;;NIEVEZ MORALES;JUAN CARLOS ROJAS CALIZAYA;REVISAR NOTA DE REMISION;;REPORTADO;TIERRA FISCAL VIGENTE
122893;TIERRA FISCAL;TIERRA FISCAL;TIERRA FISCAL;TIERRA FISCAL;RA-ST No0676/2007;29/11/2007;ADMINISTRATIVA;27.376;0;;IDENTIFICADA;TIERRA FISCAL;TIERRA FISCAL;LA PAZ;;;CAT-SAN Y SAN-TCO;;;;;;;;2007;;NO TIENE;FALSO;6/2/2015;SUPERFICIE PENDIENTE A LA TCO´S TACANA I;;;;;SUPERFICIE PENDIENTE A LA TCO´S TACANA I;La sup. De  la Res Adm es 1559.4904 ha.HR CATASTRO>DDRR:INF CAT:SEG. HR:SEG. HR:SEG. HR:SEG. HR: INF_INSP:  AP:  CONTENCIOSO:  OBS_DDRR:TF PARA COMPENSAR;0;;;10;;;;;NIEVEZ MORALES;JUAN CARLOS ROJAS CALIZAYA;REVISAR NOTA DE REMISION;;REPORTADO;TIERRA FISCAL VIGENTE
122894;TIERRA FISCAL;TIERRA FISCAL;TIERRA FISCAL;TIERRA FISCAL;RA-ST No0676/2007;29/11/2007;ADMINISTRATIVA;68.8531;0;;IDENTIFICADA;TIERRA FISCAL;TIERRA FISCAL;LA PAZ;;;CAT-SAN Y SAN-TCO;;;;;;;;2007;;NO TIENE;FALSO;6/2/2015;SUPERFICIE PENDIENTE A LA TCO´S TACANA I;;;;;SUPERFICIE PENDIENTE A LA TCO´S TACANA I;La sup. De  la Res Adm es 1559.4904 ha.HR CATASTRO>DDRR:INF CAT:SEG. HR:SEG. HR:SEG. HR:SEG. HR: INF_INSP:  AP:  CONTENCIOSO:  OBS_DDRR:TF PARA COMPENSAR;0;;;10;;;;;NIEVEZ MORALES;JUAN CARLOS ROJAS CALIZAYA;REVISAR NOTA DE REMISION;;REPORTADO;TIERRA FISCAL VIGENTE
122897;TIERRA FISCAL;TIERRA FISCAL;TIERRA FISCAL;TIERRA FISCAL;RA-ST No0624/2007;13/11/2007;ADMINISTRATIVA;159.7881;0;;IDENTIFICADA;TIERRA FISCAL;TIERRA FISCAL;LA PAZ;;;CAT-SAN Y SAN-TCO;;;;;;;;2007;;NO TIENE;FALSO;6/2/2015;SUPERFICIE PENDIENTE A LA TCO´S TACANA I;;;;;SUPERFICIE PENDIENTE A LA TCO´S TACANA I;  OBS_DDRR:TF PARA COMPENSAR;0;;;10;;;;;NIEVEZ MORALES;JUAN CARLOS ROJAS CALIZAYA;REVISAR NOTA DE REMISION;;REPORTADO;TIERRA FISCAL VIGENTE
122931;TIERRA FISCAL;TCO TACANA;TIERRA FISCAL;TCO TACANA;RA-ST No0610/2007;12/11/2007;ADMINISTRATIVA;180.3429;0;;IDENTIFICADA;TIERRA FISCAL;TIERRA FISCAL;LA PAZ;;;CAT-SAN Y SAN-TCO;;;;;;;;2007;;;FALSO;6/2/2015;SUPERFICIE PENDIENTE A LA TCO´S TACANA I;;;;;SUPERFICIE PENDIENTE A LA TCO´S TACANA I;  OBS_DDRR:TF PARA COMPENSAR;0;;;10;;;;;NIEVEZ MORALES;JUAN CARLOS ROJAS CALIZAYA;REVISAR NOTA DE REMISION;;REPORTADO;TIERRA FISCAL VIGENTE
122949;TIERRA FISCAL;TIERRA  FISCAL;TIERRA FISCAL;TIERRA  FISCAL;RA-ST No0620/2007;12/11/2007;ADMINISTRATIVA;563.6691;0;;IDENTIFICADA;TIERRA FISCAL;TIERRA FISCAL;LA PAZ;;;CAT-SAN Y SAN-TCO;;;;;;;;2007;;;FALSO;6/2/2015;SUPERFICIE PENDIENTE A LA TCO´S TACANA I;;;;;SUPERFICIE PENDIENTE A LA TCO´S TACANA I;  OBS_DDRR:TF PARA COMPENSAR;0;;;10;;;;;NIEVEZ MORALES;JUAN CARLOS ROJAS CALIZAYA;REVISAR NOTA DE REMISION;;REPORTADO;TIERRA FISCAL VIGENTE
123026;TIERRA FISCAL;TIERRA FISCAL;TIERRA FISCAL;TIERRA FISCAL;RA-ST No0626/2007;13/11/2007;ADMINISTRATIVA;2166.8212;0;;IDENTIFICADA;TIERRA FISCAL;TIERRA FISCAL;LA PAZ;;;SAN-TCO;;;;;;;;2007;;;FALSO;6/2/2015;SUPERFICIE PENDIENTE A LA TCO´S TACANA I;;;;;SUPERFICIE PENDIENTE A LA TCO´S TACANA I;SEG. HR:La  sup. De la Res  es 10290.5686 haSEG. HR:La  sup. De la Res  es 10290.5686 haSEG. HR:La  sup. De la Res  es 10290.5686 haSEG. HR:La  sup. De la Res  es 10290.5686 ha INF_INSP:  AP:  CONTENCIOSO:  OBS_DDRR:TF PARA COMPENSAR;0;;;10;;;;;NIEVEZ MORALES;JUAN CARLOS ROJAS CALIZAYA;REVISAR NOTA DE REMISION;;REPORTADO;TIERRA FISCAL VIGENTE
123027;TIERRA FISCAL;TIERRA FISCAL;TIERRA FISCAL;TIERRA FISCAL;RA-ST No0626/2007;13/11/2007;ADMINISTRATIVA;4695.2198;0;;IDENTIFICADA;TIERRA FISCAL;TIERRA FISCAL;LA PAZ;;;SAN-TCO;;;;;;;;2007;;;FALSO;6/2/2015;SUPERFICIE PENDIENTE A LA TCO´S TACANA I;;;;;SUPERFICIE PENDIENTE A LA TCO´S TACANA I;SUP.  10290.5686HR CATASTRO>DDRR:INF CAT:SEG. HR:SEG. HR:SEG. HR:SEG. HR: INF_INSP:  AP:  CONTENCIOSO:  OBS_DDRR:TF PARA COMPENSAR;0;;;10;;;;;NIEVEZ MORALES;JUAN CARLOS ROJAS CALIZAYA;REVISAR NOTA DE REMISION;;REPORTADO;TIERRA FISCAL VIGENTE
123033;TIERRA FISCAL;TIERRA FISCAL;TIERRA FISCAL;TIERRA FISCAL;RA-ST No0615/2007;12/11/2007;ADMINISTRATIVA;3113.0122;0;;IDENTIFICADA;TIERRA FISCAL;TIERRA FISCAL;LA PAZ;;;CAT-SAN Y SAN-TCO;2.15.1.05.0000137;;;;;;;2007;;;FALSO;6/2/2015;MEDIANTE NOTA DGAT-CI No578/2017 y HR 25866/2017, NOTA REMITIDA DGAT-CI N°613/2016 DE FECHA 20/12/2017 CON HRE N° 39237;DN-C-EXT. N°.930/2015;;;;SUPERFICIE PENDIENTE A LA TCO´S TACANA I;RES. LEGALIZADAHR CATASTRO>DDRR:INF CAT:SEG. HR:SEG. HR:SEG. HR:SEG. HR: INF_INSP:  AP:  CONTENCIOSO:  OBS_DDRR:REGISTRADO CON FOLIO;0;;;10;;;;;NIEVEZ MORALES;JUAN CARLOS ROJAS CALIZAYA;REVISAR NOTA DE REMISION;;REPORTADO;TIERRA FISCAL VIGENTE
123041;TIERRA FISCAL;TIERRA FISCAL;TIERRA FISCAL;TIERRA FISCAL;RA-ST No0625/2007;13/11/2007;ADMINISTRATIVA;714.2613;0;;IDENTIFICADA;TIERRA FISCAL;TIERRA FISCAL;LA PAZ;;;CAT-SAN Y SAN-TCO;;;;;;;;2007;;;FALSO;6/2/2015;SUPERFICIE PENDIENTE A LA TCO´S TACANA I;;;;;SUPERFICIE PENDIENTE A LA TCO´S TACANA I;  OBS_DDRR:TF PARA COMPENSAR;0;;;10;;;;;NIEVEZ MORALES;JUAN CARLOS ROJAS CALIZAYA;REVISAR NOTA DE REMISION;;REPORTADO;TIERRA FISCAL VIGENTE
123082;TIERRA FISCAL;PROPIEDAD MOSTAJO;TIERRA FISCAL;PROPIEDAD MOSTAJO;RA-CS No0002/2011;6/1/2011;ADMINISTRATIVA;603.0583;0;;RECORTE;MEDIANA;AGRICOLA;LA PAZ;;;CAT-SAN;;;;DGS No2348/2011;25/8/2011;DN HRE No29249/2011;25/8/2011;2011;;;FALSO;17/3/2015;NOTA REMITIDA DGAT-CI Nº 589/2017 DE FECHA 07/11/2017;;;;;SUPERFICIE PENDIENTE A LA TCO´S TACANA I;  OBS_DDRR:TF PARA COMPENSAR;;;;25;;;;;NIEVEZ MORALES;JUAN CARLOS ROJAS CALIZAYA;SI;;REPORTADO;TIERRA FISCAL VIGENTE
123083;TIERRA FISCAL;TIERRA FISCAL TCO TACANA;TIERRA FISCAL;TIERRA FISCAL TCO TACANA;RA-ST No0621/2007;12/11/2007;ADMINISTRATIVA;2.7277;0;;IDENTIFICADA;TIERRA FISCAL;TIERRA FISCAL;LA PAZ;;;CAT-SAN Y SAN-TCO;;;;;;;;2007;;;FALSO;6/2/2015;SUPERFICIE PENDIENTE A LA TCO´S TACANA I;;;;;SUPERFICIE PENDIENTE A LA TCO´S TACANA I;La sup. De la Res  es 10438.9349 ha.HR CATASTRO>DDRR:INF CAT:SEG. HR:SEG. HR:SEG. HR:SEG. HR: INF_INSP:  AP:  CONTENCIOSO:  OBS_DDRR:TF PARA COMPENSAR;0;;;10;;;;;NIEVEZ MORALES;JUAN CARLOS ROJAS CALIZAYA;REVISAR NOTA DE REMISION;;REPORTADO;TIERRA FISCAL VIGENTE
123089;TIERRA FISCAL;TIERRA FISCAL;TIERRA FISCAL;TIERRA FISCAL;RA-CS No0003/2011;6/1/2011;ADMINISTRATIVA;192.6094;;;SIN DEFINIR;SIN DEFINIR;SIN DEFINIR;LA PAZ;;;CAT-SAN;2.15.1.01.0000640;;;DGCR-CI No.883/2024;26/6/2024;DN HRI No22983/2023;;2024;;;FALSO;1/8/2024;;;;;;;;;1397;1397ok;159;;;;;NIEVEZ MORALES;JUAN CARLOS ROJAS;SI;;REPORTADO;TIERRA FISCAL VIGENTE
123093;TIERRA FISCAL;TIERRA FISCAL;TIERRA FISCAL;TIERRA FISCAL;RA-SS N°0004/2011;6/1/2011;ADMINISTRATIVA;182.4075;;;SIN DEFINIR;SIN DEFINIR;TIERRA FISCAL;LA PAZ;;;SIN DEFINIR;2.15.1.01.0000626;;;DGCR-CI Nro 725/2026;15/7/2026;DN HRI Nro 9715/2026;15/7/2026;2026;;;FALSO;21/7/2026;;;;;;;;;;;;;;;;NIEVEZ MORALES;JUAN CARLOS ROJAS;SI;;REPORTADO;TIERRA FISCAL VIGENTE
123096;TIERRA FISCAL;TIERRA FISCAL;TIERRA FISCAL;TIERRA FISCAL;RA-ST No0618/2007;12/11/2007;ADMINISTRATIVA;10.4029;0;;IDENTIFICADA;TIERRA FISCAL;TIERRA FISCAL;LA PAZ;;;CAT-SAN Y SAN-TCO;;;;;;;;2007;;;FALSO;6/2/2015;SUPERFICIE PENDIENTE A LA TCO´S TACANA I;;;;;SUPERFICIE PENDIENTE A LA TCO´S TACANA I;  OBS_DDRR:TF PARA COMPENSAR;0;;;10;;;;;NIEVEZ MORALES;JUAN CARLOS ROJAS CALIZAYA;REVISAR NOTA DE REMISION;;REPORTADO;TIERRA FISCAL VIGENTE
123106;TIERRA FISCAL;TIERRA FISCAL TCO TACANA TUMUPASA;TIERRA FISCAL;TIERRA FISCAL TCO TACANA TUMUPASA;RA-ST No0621/2007;12/11/2007;ADMINISTRATIVA;5888.1874;0;;IDENTIFICADA;TIERRA FISCAL;TIERRA FISCAL;LA PAZ;;;CAT-SAN Y SAN-TCO;;;;;;;;2007;;;FALSO;6/2/2015;SUPERFICIE PENDIENTE A LA TCO´S TACANA I;;;;;SUPERFICIE PENDIENTE A LA TCO´S TACANA I;La sup. De la Res  es 10438.9349 ha.HR CATASTRO>DDRR:INF CAT:SEG. HR:SEG. HR:SEG. HR:SEG. HR: INF_INSP:  AP:  CONTENCIOSO:  OBS_DDRR:TF PARA COMPENSAR;0;;;10;;;;;NIEVEZ MORALES;JUAN CARLOS ROJAS CALIZAYA;REVISAR NOTA DE REMISION;;REPORTADO;TIERRA FISCAL VIGENTE
123108;TIERRA FISCAL;TIERRA FISCAL TCO TACANA TUMUPASA;TIERRA FISCAL;TIERRA FISCAL TCO TACANA TUMUPASA;RA-ST No0621/2007;12/11/2007;ADMINISTRATIVA;199.2418;0;;IDENTIFICADA;TIERRA FISCAL;TIERRA FISCAL;LA PAZ;;;CAT-SAN Y SAN-TCO;;;;;;;;2007;;;FALSO;6/2/2015;SUPERFICIE PENDIENTE A LA TCO´S TACANA I;;;;;SUPERFICIE PENDIENTE A LA TCO´S TACANA I;La sup. De la Res  es 10438.9349 ha.HR CATASTRO>DDRR:INF CAT:SEG. HR:SEG. HR:SEG. HR:SEG. HR: INF_INSP:  AP:  CONTENCIOSO:  OBS_DDRR:TF PARA COMPENSAR;0;;;10;;;;;NIEVEZ MORALES;JUAN CARLOS ROJAS CALIZAYA;REVISAR NOTA DE REMISION;;REPORTADO;TIERRA FISCAL VIGENTE
123111;TIERRA FISCAL;TIERRA FISCAL TCO TACANA TUMUPASA;TIERRA FISCAL;TIERRA FISCAL TCO TACANA TUMUPASA;RA-ST No0621/2007;12/11/2007;ADMINISTRATIVA;28.0209;0;;IDENTIFICADA;TIERRA FISCAL;TIERRA FISCAL;LA PAZ;;;CAT-SAN Y SAN-TCO;;;;;;;;2007;;;FALSO;6/2/2015;SUPERFICIE PENDIENTE A LA TCO´S TACANA I;;;;;SUPERFICIE PENDIENTE A LA TCO´S TACANA I;La sup. De la Res  es 10438.9349 ha.HR CATASTRO>DDRR:INF CAT:SEG. HR:SEG. HR:SEG. HR:SEG. HR: INF_INSP:  AP:  CONTENCIOSO:  OBS_DDRR:TF PARA COMPENSAR;0;;;10;;;;;NIEVEZ MORALES;JUAN CARLOS ROJAS CALIZAYA;REVISAR NOTA DE REMISION;;REPORTADO;TIERRA FISCAL VIGENTE
123181;TIERRA FISCAL;TIERRA FISCAL TCO TACANA;TIERRA FISCAL;TIERRA FISCAL TCO TACANA;RA-ST No0623/2007;12/11/2007;ADMINISTRATIVA;1512.8154;0;;RECORTE;COMUNITARIA;SIN DEFINIR;LA PAZ;;;CAT-SAN Y SAN-TCO;;;;;;;;2007;;NO TIENE;FALSO;6/2/2015;SUPERFICIE PENDIENTE A LA TCO´S TACANA I;;;;;SUPERFICIE PENDIENTE A LA TCO´S TACANA I;  OBS_DDRR:TF PARA COMPENSAR;0;;;10;;;;;NIEVEZ MORALES;JUAN CARLOS ROJAS CALIZAYA;REVISAR NOTA DE REMISION;;REPORTADO;TIERRA FISCAL VIGENTE
123424;TIERRA FISCAL;POLIGONO 003;TIERRA FISCAL;POLIGONO 003;RA-ST No0616/2007;12/11/2007;ADMINISTRATIVA;344.5438;0;;IDENTIFICADA;TIERRA FISCAL;TIERRA FISCAL;LA PAZ;;;CAT-SAN Y SAN-TCO;;;;;;;;2008;;;FALSO;16/1/2015;NOTA REMITIDA DGAT-CI N°613/2016 DE FECHA 20/12/2017 CON HRE N° 39237;;;;;SUPERFICIE PENDIENTE A LA TCO´S TACANA I;  OBS_DDRR:TF PARA COMPENSAR;0;;;10;;;;;NIEVEZ MORALES;JUAN CARLOS ROJAS CALIZAYA;REVISAR NOTA DE REMISION;;REPORTADO;TIERRA FISCAL VIGENTE
123436;TIERRA FISCAL;TIERRA FISCAL;TIERRA FISCAL;TIERRA FISCAL;RA-ST No0611/2007;12/11/2007;ADMINISTRATIVA;3.3057;0;;IDENTIFICADA;TIERRA FISCAL;TIERRA FISCAL;LA PAZ;;;CAT-SAN Y SAN-TCO;;;;;;;;2007;;;FALSO;6/2/2015;SUPERFICIE PENDIENTE A LA TCO´S TACANA I;;;;;SUPERFICIE PENDIENTE A LA TCO´S TACANA I;  OBS_DDRR:TF PARA COMPENSAR;0;;;10;;;;;NIEVEZ MORALES;JUAN CARLOS ROJAS CALIZAYA;REVISAR NOTA DE REMISION;;REPORTADO;TIERRA FISCAL VIGENTE
123450;TIERRA FISCAL;POLIGONO 003;TIERRA FISCAL;POLIGONO 003;RA-ST No0616/2007;12/11/2007;ADMINISTRATIVA;1150.7351;0;;IDENTIFICADA;TIERRA FISCAL;TIERRA FISCAL;LA PAZ;;;CAT-SAN Y SAN-TCO;;;;;;;;2008;;;FALSO;16/1/2015;NOTA REMITIDA DGAT-CI N°613/2016 DE FECHA 20/12/2017 CON HRE N° 39237;;;;;SUPERFICIE PENDIENTE A LA TCO´S TACANA I;  OBS_DDRR:TF PARA COMPENSAR;0;;;10;;;;;NIEVEZ MORALES;JUAN CARLOS ROJAS CALIZAYA;REVISAR NOTA DE REMISION;;REPORTADO;TIERRA FISCAL VIGENTE
161649;TIERRA FISCAL;YUMBIA, ARENAL I, CHALANA VIEJA, CASA DE PIEDRA Y  TIERRA FISCAL;TIERRA FISCAL;YUMBIA, ARENAL I, CHALANA VIEJA, CASA DE PIEDRA Y  TIERRA FISCAL;21446;16/6/2017;SUPREMA;685.7102;0;;ILEGALIDAD;SIN DEFINIR;SIN DEFINIR;CHUQUISACA;;;SAN-TCO;;;;DGST No.3550/2017;30/11/2017;DN HRI No.34204/2017;20/12/2017;2017;;DGS-JRV-TJA-CT- No.092/2012;VERDADERO;5/2/2018;DN HRI No34204/2017VIA SANEAMIENTO;;;DN HRI No34204/2017VIA SANEAMIENTO;;SUPERFICIE PENDIENTE A LA TCO´S  ITIKA GUASU;"SOL.PRESI:DGAT C EXT N 15/2018, 25 DE JULIO DE 2018SOL.PRESI:DGAT C EXT N 15/2018, 25 DE JULIO DE 2018SOL.PRESI:DGAT C EXT N 15/2018, 25 DE JULIO DE 2018 INF_INSP:  AP:  CONTENCIOSO:Reportada
Cuenta con proceso contencioso
no cuenta aun con sentencia del tribunal agroambiental  OBS_DDRR:TF PARA COMPENSAR";;;;120;;;;;NIEVEZ MORALES;EVO MORALES AYMA;SI;;REPORTADO;TIERRA FISCAL VIGENTE
173914;TIERRA FISCAL;COM 15 DE MAYO;TIERRA FISCAL;COM 15 DE MAYO;RA-CS-SC No0083/2002;25/2/2002;ADMINISTRATIVA;35.9693;35.9693;;RECORTE;PEQUEÑA;AGRICOLA;SANTA CRUZ;;;CAT-SAN;;;;DGS No0656/2014;11/3/2014;DN HRI No6618/2014;11/3/2014;2014;;DGS-SC-N-CT-No.093/2014;FALSO;7/4/2015;22748/2018 DGAT CI Nº 758/2018 04 de septiembre de 2018;;;;;;SOL.PRESI:DGAT-CI Nº 671/2018 21276/2018SOL.PRESI:DGAT-CI Nº 671/2018 21276/2018SOL.PRESI:DGAT-CI Nº 671/2018 21276/2018 INF_INSP:  AP:  CONTENCIOSO:  OBS_DDRR:NOTA REMITIDA POR DISTRIBUCION A CATASTRO;;;;60;;;;;CLETO MIRANDA;RENE SALOMON VARGAS;SI;;REPORTADO;TIERRA FISCAL VIGENTE
178783;TIERRA FISCAL;TIERRA FISCAL;TIERRA FISCAL;TIERRA FISCAL;RA-SS No0056/2003;20/3/2003;ADMINISTRATIVA;6771.659;6771.659;;IDENTIFICADA;TIERRA FISCAL;TIERRA FISCAL;PANDO;;;SAN-SIM;;;;;;;;2008;;;FALSO;16/1/2015;NOTA REMITIDA DGAT-CI N°276/2017 DE FECHA 10/05/2017 HR 12343/2017, DGAT-CI No276/2017 - VALIDADO;DN-C-EXT. N°.2464/2003, DN-C-EXT. N°. 446/2018 27 de julio de 2018 Generado;;;;;  OBS_DDRR:NOTA REMITIDA POR DISTRIBUCION A CATASTRO;0;;;3;;;;;NIEVEZ MORALES;RENE SALOMON VARGAS;REVISAR NOTA DE REMISION;;REPORTADO;TIERRA FISCAL VIGENTE
178784;TIERRA FISCAL;TIERRA FISCAL;TIERRA FISCAL;TIERRA FISCAL;RA-SS No0056/2003;20/3/2003;ADMINISTRATIVA;86.9936;0;;IDENTIFICADA;TIERRA FISCAL;TIERRA FISCAL;PANDO;;;SAN-SIM;;;;;;;;2008;;;FALSO;16/1/2015;NOTA REMITIDA DGAT-CI N°276/2017 DE FECHA 10/05/2017 HR 12343/2017, DGAT-CI No276/2017 - VALIDADO;DN-C-EXT. N°.2464/2003, DN-C-EXT. N°. 446/2018 27 de julio de 2018 Generado;;;;;  OBS_DDRR:NOTA REMITIDA POR DISTRIBUCION A CATASTRO;0;;;3;;;;;NIEVEZ MORALES;RENE SALOMON VARGAS;REVISAR NOTA DE REMISION;;REPORTADO;TIERRA FISCAL VIGENTE
178786;TIERRA FISCAL;TIERRA FISCAL;TIERRA FISCAL;TIERRA FISCAL;RA-SS No0056/2003;20/3/2003;ADMINISTRATIVA;46538.9826;6502.2084;;IDENTIFICADA;TIERRA FISCAL;TIERRA FISCAL;PANDO;;;SAN-SIM;;;;;;;;2008;;;FALSO;16/1/2015;NOTA REMITIDA DGAT-CI N°276/2017 DE FECHA 10/05/2017 HR 12343/2017, DGAT-CI No276/2017 - VALIDADO;DN-C-EXT. N°.2464/2003, DN-C-EXT. N°. 446/2018 27 de julio de 2018 Generado;;;;YAMINAHUA MACHINERI;RES. LEGALIZADAHR CATASTRO>DDRR:INF CAT:SEG. HR:SEG. HR:SEG. HR:SEG. HR: INF_INSP:  AP:  CONTENCIOSO:  OBS_DDRR:TF PARA COMPENSAR;0;;;3;;;;;NIEVEZ MORALES;RENE SALOMON VARGAS;REVISAR NOTA DE REMISION;;REPORTADO;TIERRA FISCAL VIGENTE
178789;TIERRA FISCAL;TIERRA FISCAL;TIERRA FISCAL;TIERRA FISCAL;RA-SS No0056/2003;20/3/2003;ADMINISTRATIVA;1213.0649;1213.0649;;IDENTIFICADA;TIERRA FISCAL;TIERRA FISCAL;PANDO;;;SAN-SIM;;;;;;;;2008;;;FALSO;16/1/2015;NOTA REMITIDA DGAT-CI N°276/2017 DE FECHA 10/05/2017 HR 12343/2017, DGAT-CI No276/2017 - VALIDADO;DN-C-EXT. N°.2464/2003, DN-C-EXT. N°. 446/2018 27 de julio de 2018 Generado;;;;;  OBS_DDRR:NOTA REMITIDA POR DISTRIBUCION A CATASTRO;0;;;3;;;;;NIEVEZ MORALES;RENE SALOMON VARGAS;REVISAR NOTA DE REMISION;;REPORTADO;TIERRA FISCAL VIGENTE
178790;TIERRA FISCAL;TIERRA FISCAL;TIERRA FISCAL;TIERRA FISCAL;RA-SS No0056/2003;20/3/2003;ADMINISTRATIVA;1948.199;1948.199;;IDENTIFICADA;TIERRA FISCAL;TIERRA FISCAL;PANDO;;;SAN-SIM;;;;;;;;2008;;;FALSO;16/1/2015;NOTA REMITIDA DGAT-CI N°276/2017 DE FECHA 10/05/2017 HR 12343/2017, DGAT-CI No276/2017 - VALIDADO;DN-C-EXT. N°.2464/2003, DN-C-EXT. N°. 446/2018 27 de julio de 2018 Generado;;;;;  OBS_DDRR:NOTA REMITIDA POR DISTRIBUCION A CATASTRO;0;;;3;;;;;NIEVEZ MORALES;RENE SALOMON VARGAS;REVISAR NOTA DE REMISION;;REPORTADO;TIERRA FISCAL VIGENTE
178792;TIERRA FISCAL;TIERRA FISCAL;TIERRA FISCAL;TIERRA FISCAL;RA-SS No0056/2003;20/3/2003;ADMINISTRATIVA;3041.2776;737.4597;;IDENTIFICADA;TIERRA FISCAL;TIERRA FISCAL;PANDO;;;SAN-SIM;;;;;;;;2008;;;FALSO;16/1/2015;NOTA REMITIDA DGAT-CI N°276/2017 DE FECHA 10/05/2017 HR 12343/2017, DGAT-CI No276/2017 - VALIDADO;DN-C-EXT. N°.2464/2003, DN-C-EXT. N°. 446/2018 27 de julio de 2018 Generado;;;;;  OBS_DDRR:NOTA REMITIDA POR DISTRIBUCION A CATASTRO;0;;;3;;;;;NIEVEZ MORALES;RENE SALOMON VARGAS;REVISAR NOTA DE REMISION;;REPORTADO;TIERRA FISCAL VIGENTE
178793;TIERRA FISCAL;TIERRA FISCAL;TIERRA FISCAL;TIERRA FISCAL;RA-SS No0056/2003;20/3/2003;ADMINISTRATIVA;96.9711;96.9711;;IDENTIFICADA;TIERRA FISCAL;TIERRA FISCAL;PANDO;;;SAN-SIM;;;;;;;;2008;;;FALSO;16/1/2015;NOTA REMITIDA DGAT-CI N°276/2017 DE FECHA 10/05/2017 HR 12343/2017, DGAT-CI No276/2017 - VALIDADO;DN-C-EXT. N°.2464/2003, DN-C-EXT. N°. 446/2018 27 de julio de 2018 Generado;;;;;  OBS_DDRR:NOTA REMITIDA POR DISTRIBUCION A CATASTRO;0;;;3;;;;;NIEVEZ MORALES;RENE SALOMON VARGAS;REVISAR NOTA DE REMISION;;REPORTADO;TIERRA FISCAL VIGENTE
178795;TIERRA FISCAL;TIERRA FISCAL;TIERRA FISCAL;TIERRA FISCAL;RA-SS No0056/2003;20/3/2003;ADMINISTRATIVA;114.9571;114.9571;;IDENTIFICADA;TIERRA FISCAL;TIERRA FISCAL;PANDO;;;SAN-SIM;;;;;;;;2008;;;FALSO;16/1/2015;NOTA REMITIDA DGAT-CI N°276/2017 DE FECHA 10/05/2017 HR 12343/2017, DGAT-CI No276/2017 - VALIDADO;DN-C-EXT. N°.2464/2003, DN-C-EXT. N°. 446/2018 27 de julio de 2018 Generado;;;;;  OBS_DDRR:NOTA REMITIDA POR DISTRIBUCION A CATASTRO;0;;;3;;;;;NIEVEZ MORALES;RENE SALOMON VARGAS;REVISAR NOTA DE REMISION;;REPORTADO;TIERRA FISCAL VIGENTE
178796;TIERRA FISCAL;TIERRA FISCAL - PANDO;TIERRA FISCAL;TIERRA FISCAL - PANDO;RA-SS No0056/2003;20/3/2003;ADMINISTRATIVA;5101.9114;5101.9547;;IDENTIFICADA;TIERRA FISCAL;TIERRA FISCAL;PANDO;;;SAN-SIM;;;;;;;;2008;;;FALSO;16/1/2015;NOTA REMITIDA DGAT-CI N°276/2017 DE FECHA 10/05/2017 HR 12343/2017, DGAT-CI No276/2017 - VALIDADO --NOTA REMITIDA DGAT-CI Nº 660/2017 DE FECHA 14/12/2017 CON HRE N° 34366/2017;DN-C-EXT. N°.2464/2003, DN-C-EXT. N°. 446/2018 27 de julio de 2018 Generado;;;PRESENTARON AMPARO - hicieron conocer mediante hoja de  ruta  DN HRE N°31673/2017;;LA DGS NOS HACE CONOCER UN INFORME   DGST-JRLL INF SAN No067/2017  NOS HACEN CONOCE Q LA PARTE INTERSADA PRESENTO AMPAROHR CATASTRO>DDRR:INF CAT:SEG. HR:REALIZAR NOTA A JURIDICA  ESTADO ACTUAL 2019SEG. HR:REALIZAR NOTA A JURIDICA  ESTADO ACTUAL 2019SEG. HR:REALIZAR NOTA A JURIDICA  ESTADO ACTUAL 2019SEG. HR:REALIZAR NOTA A JURIDICA  ESTADO ACTUAL 2019 INF_INSP:  AP:  CONTENCIOSO:  OBS_DDRR:NOTA REMITIDA POR DISTRIBUCION A CATASTRO;;;;3;;;;se arrima el informe  -U-ATF-AAHHNo5353/2017 de fecha 27/12/217 y hr 31673/2017;NIEVEZ MORALES;RENE SALOMON VARGAS;SI;SI;PROCESO CONTENCIOSO VIGENTE;TIERRA FISCAL VIGENTE
178798;TIERRA FISCAL;TIERRA FISCAL;TIERRA FISCAL;TIERRA FISCAL;RA-SS No0056/2003;20/3/2003;ADMINISTRATIVA;242.2402;0;;IDENTIFICADA;TIERRA FISCAL;TIERRA FISCAL;PANDO;;;SAN-SIM;;;;;;;;2008;;;FALSO;16/1/2015;NOTA REMITIDA DGAT-CI N°276/2017 DE FECHA 10/05/2017 HR 12343/2017, DGAT-CI No276/2017 - VALIDADO;DN-C-EXT. N°.2464/2003, DN-C-EXT. N°. 446/2018 27 de julio de 2018 Generado;;;;;  OBS_DDRR:NOTA REMITIDA POR DISTRIBUCION A CATASTRO;0;;;3;;;;;NIEVEZ MORALES;RENE SALOMON VARGAS;REVISAR NOTA DE REMISION;;REPORTADO;TIERRA FISCAL VIGENTE
178799;TIERRA FISCAL;TIERRA FISCAL;TIERRA FISCAL;TIERRA FISCAL;RA-SS No0056/2003;20/3/2003;ADMINISTRATIVA;108.3898;108.3898;;IDENTIFICADA;TIERRA FISCAL;TIERRA FISCAL;PANDO;;;SAN-SIM;;;;;;;;2008;;;FALSO;16/1/2015;NOTA REMITIDA DGAT-CI N°276/2017 DE FECHA 10/05/2017 HR 12343/2017, DGAT-CI No276/2017 - VALIDADO;DN-C-EXT. N°.2464/2003, DN-C-EXT. N°. 446/2018 27 de julio de 2018 Generado;;;;;  OBS_DDRR:NOTA REMITIDA POR DISTRIBUCION A CATASTRO;0;;;3;;;;;NIEVEZ MORALES;RENE SALOMON VARGAS;REVISAR NOTA DE REMISION;;REPORTADO;TIERRA FISCAL VIGENTE
178801;TIERRA FISCAL;TIERRA FISCAL;TIERRA FISCAL;TIERRA FISCAL;RA-SS No0056/2003;20/3/2003;ADMINISTRATIVA;467.5091;0;;IDENTIFICADA;TIERRA FISCAL;TIERRA FISCAL;PANDO;;;SAN-SIM;;;;;;;;2008;;;FALSO;16/1/2015;NOTA REMITIDA DGAT-CI N°276/2017 DE FECHA 10/05/2017 HR 12343/2017, DGAT-CI No276/2017 - VALIDADO;DN-C-EXT. N°.2464/2003, DN-C-EXT. N°. 446/2018 27 de julio de 2018 Generado;;;;;  OBS_DDRR:NOTA REMITIDA POR DISTRIBUCION A CATASTRO;0;;;3;;;;;NIEVEZ MORALES;RENE SALOMON VARGAS;REVISAR NOTA DE REMISION;;REPORTADO;TIERRA FISCAL VIGENTE
178808;TIERRA FISCAL;RESERVA FORESTAL EL CHORE;TIERRA FISCAL;RESERVA FORESTAL EL CHORE;RA-SS No0494/2002;19/12/2002;ADMINISTRATIVA;326962.0481;62211.0238;;IDENTIFICADA;TIERRA FISCAL;TIERRA FISCAL;SANTA CRUZ;;;SAN-SIM;;;;;;;;2008;;No.TIENE NOTA CATASTRO;FALSO;6/3/2015;NOTA REMITIDA DGAT N° 291/2016 DE FECHA 20/06/2016 CON HRE N° 21097 - VALIDADO;DN-C-EXT. N°.479/2016;;;;YUQUI;  OBS_DDRR:TF PARA COMPENSAR;0;;;6;;;;;NIEVEZ MORALES;RENE SALOMON VARGAS;REVISAR NOTA DE REMISION;;REPORTADO;TIERRA FISCAL VIGENTE
178811;TIERRA FISCAL;RESERVA FORESTAL EL CHORE;TIERRA FISCAL;RESERVA FORESTAL EL CHORE;RA-SS No0145/2003;6/6/2003;ADMINISTRATIVA;37878.8999;0;;IDENTIFICADA;TIERRA FISCAL;TIERRA FISCAL;SANTA CRUZ;;;SAN-SIM;;;;;;;;2007;;No.TIENE NOTA DE CATASTRO;FALSO;16/1/2015;DN-C-EXT. N°.2464/2003;DN-C-EXT. N°.2464/2003;;;;; SOBR.APROTE:37878.8999 SOBR.APROTE:37878.8999 INF_INSP:  AP:  CONTENCIOSO:  OBS_DDRR:FALTA ENVIAR;0;687;687ok;;2;GAVETERO 8;CAJA 1;;NIEVEZ MORALES;RENE SALOMON VARGAS;REVISAR NOTA DE REMISION;;REPORTADO;TIERRA FISCAL VIGENTE
178814;TIERRA FISCAL;RESERVA FORESTAL EL CHORE;TIERRA FISCAL;RESERVA FORESTAL EL CHORE;RA-SS No0137/2003;19/5/2003;ADMINISTRATIVA;298178.0175;14026.9334;;IDENTIFICADA;TIERRA FISCAL;TIERRA FISCAL;SANTA CRUZ;;;SAN-SIM;;;;;;;;2008;;No.TIENE NOTA CATASTRO;FALSO;16/1/2015;NOTA REMITIDA DGAT N° 291/2016 DE FECHA 20/06/2016 CON HRE N° 21097 - VALIDADO;DN-C-EXT. N°.479/2016;;;;YURACARE Y TRINITARIA  EL PALLAR;  OBS_DDRR:TF PARA COMPENSAR;0;;;;;;;;NIEVEZ MORALES;RENE SALOMON VARGAS;REVISAR REPORTE;;REPORTADO;TIERRA FISCAL VIGENTE
194897;TIERRA FISCAL;CORRALITOS;TIERRA FISCAL;CORRALITOS;225698;9/12/2005;SUPREMA;12.1698;12.1698;;ILEGALIDAD;SIN DEFINIR;SIN DEFINIR;SANTA CRUZ;;;SAN-SIM;;;;SIN/NOTA;;;;2007;;DGS-BID-1512-CT-No.222/09;VERDADERO;16/1/2015;;;;;;;  OBS_DDRR:FALTA ENVIAR;;238;238ok;7;1;GAVETERO 2;CAJA 4;;CLETO MIRANDA;SANDRO STEFANO GIORDANO GARCIA;SI;;REPORTADO - AREA URBANA;TIERRA FISCAL VIGENTE
195380;TIERRA FISCAL;LORENA;TIERRA FISCAL;LORENA;RA-ST No0452/2005;12/12/2005;ADMINISTRATIVA;2313.8054;2313.8054;;ILEGALIDAD;SIN DEFINIR;SIN DEFINIR;SANTA CRUZ;;;SAN-TCO;7.15.0.10.0000755;;;DGS No00892/2012;11/5/2012;DN HRI No14993/2012;11/5/2012;2012;;DGS-SC-N-CT-No.102/2012;FALSO;2/4/2015;MEDIANTE NOTA DGAT-CI No578/2017 y HR 25866/2017;;1980/2024;;;;SE DEVULEVE LA CARPETA  A SANEAMIENTO A EFECTO Q EMITAN RECTIFICATORIA, NOTA DGAT-CI N°416/2016-YA RECTIFICADO Y SUBSANADO hr 27468 no consigna tfHR CATASTRO>DDRR:INF CAT:SEG. HR:SEG. HR:SEG. HR:SEG. HR: INF_INSP:  AP:  CONTENCIOSO:  OBS_DDRR:NOTA REMITIDA POR DISTRIBUCION A CATASTRO;;94;94ok;29;2;GAVETERO 1;CAJA 3;FUE DEVUELTO A SANEAMIENTO HR 27468;NIEVEZ MORALES;ROBERTO TORREZ VALDEZ;SI;;REPORTADO;TIERRA FISCAL VIGENTE
196206;TIERRA FISCAL;POZO DEL TIGRE;TIERRA FISCAL;POZO DEL TIGRE;RA-SS No200/2004;9/2/2004;ADMINISTRATIVA;988.5991;439.1353;;IMPROCEDENCIA;SIN DEFINIR;SIN DEFINIR;SANTA CRUZ;;;SAN-SIM;7.05.3.03.0000204;;;DGS No1320/2012;13/6/2012;DN HRI No19893/2012;15/6/2012;2012;;DGS-SC-N-CT-No.097/2012;FALSO;20/3/2015;;;11430/2024;;;;MEDIANTE NOTA DGAT-CI No739/2018 de fecha 31/08/2018 fue devuelta, en la resol consigna  QUE SE REGISTRE A DDRR TF  HR 22594/2018HR CATASTRO>DDRR:INF CAT:SEG. HR:SOL.PRESI:DGAT-CI Nº 591/2018 20924/2018SOL.PRESI:DGAT-CI Nº 591/2018 20924/2018SOL.PRESI:DGAT-CI Nº 591/2018 20924/2018 INF_INSP:  AP:  CONTENCIOSO:  OBS_DDRR:FALTA ENVIAR;;211;211S/URECTIFICARORIA SANEAMIENTO;;1;GAVETERO 2;CAJA 4;;CLETO MIRANDA;ALCIDES VADILLO PINTO;SI;;REPORTADO;TIERRA FISCAL VIGENTE
196216;TIERRA FISCAL;LA ESCOBITA;TIERRA FISCAL;LA ESCOBITA;3350;12/8/2010;SUPREMA;606.9694;606.9694;;ILEGALIDAD;SIN DEFINIR;SIN DEFINIR;SANTA CRUZ;;;SAN-SIM;;RECTIFICATORIA;ubicación en elcanton santa ana, seccion tercera;DGS No1258/2013;25/4/2013;DN HRI No11982/2013;25/4/2013;2007;;DGS-BID-1512-CT-No.266/10;FALSO;6/2/2015;NOTA REMITIDA DGAT-CI N°632/2017 DE FECHA 28/11/2017 HR 33155/2017 --- NOTA DGAT 879/2018 - HR 25957/2018 - 04/10/2018;;;;;;  OBS_DDRR:NOTA REMITIDA POR DISTRIBUCION A CATASTRO;;294;294ok;19;2;GAVETERO 3;CAJA 3;;NIEVEZ MORALES;EVO MORALES AYMA;SI;;REPORTADO;TIERRA FISCAL VIGENTE
196442;TIERRA FISCAL;NUEVA ESPERANZA -ADJ;TIERRA FISCAL;NUEVA ESPERANZA -ADJ;RA-SS No0245/2003;29/7/2003;ADMINISTRATIVA;447.2724;447.2724;;RECORTE;MEDIANA;GANADERA;SANTA CRUZ;;;SAN-SIM;;;;;;;;2007;;;FALSO;16/1/2015;RECTIFICATORIA EN SANEAMIENTO (A LA ESPERA);;;;;;CONSIGNA TF  MEDIANTE AUTO DE VISTA DE 2008, SE ENVIO A SANEAMIENTO PARA RECTIFICAR, devuelto con nota DGST-CI No. 64/2019 de fecha 14 de enero de 2019, remitida mediante nota DGAT-CI No. 824/2019 HR 6366/2019HR CATASTRO>DDRR:INF CAT:SEG. HR:Proceso concluido con anterior normativaSOL.PRESI:DGAT-CI Nº 671/2018 21276/2018SOL.PRESI:DGAT-CI Nº 671/2018 21276/2018SOL.PRESI:DGAT-CI Nº 671/2018 21276/2018 INF_INSP:  AP:  CONTENCIOSO:  OBS_DDRR:HOJA DE RUTA REMITIDA VIA SANEAMIENTO;0;953;953 ok;1;1;ESTANTE;;se arrima el informe U-ATF-AAHH No3780/2016 y 33009/2016, se arrima decreto de fecha 30/01/2019;JESUS ZENTENO;RENE SALOMON VARGAS;REVISAR NOTA DE REMISION;;REPORTADO - AREA URBANA;TIERRA FISCAL VIGENTE
196514;TIERRA FISCAL;PROPIEDAD 82;TIERRA FISCAL;PROPIEDAD 82;225693;9/12/2005;SUPREMA;1917.9051;1904.2996;;RECORTE;PEQUEÑA;AGRICOLA;SANTA CRUZ;;;SAN-SIM;7.05.3.03.0000206;;;;;;;2007;;DGS-JRLL No.0540/2011;FALSO;;;;11430/2024;;;;  OBS_DDRR:FALTA ENVIAR;0;;;16;;;;;JESUS ZENTENO;SANDRO STEFANO GIORDANO GARCIA;REVISAR NOTA DE REMISION;;REPORTADO;TIERRA FISCAL VIGENTE
196589;TIERRA FISCAL;LA ESPERANZA;TIERRA FISCAL;LA ESPERANZA;RA-SS No0433/2005;13/6/2005;ADMINISTRATIVA;640.5114;640.5114;;ILEGALIDAD;SIN DEFINIR;SIN DEFINIR;SANTA CRUZ;;;SAN-SIM;7.05.3.03.0000203;;;DGST CI 4864/2019;18/1/2021;13248/2019;9/12/2019;2007;;;FALSO;6/2/2015;MEDIANTE NOTA DGAT-CI No578/2017 y HR 25866/2017;;11430/2024;;;;  OBS_DDRR:NOTA REMITIDA POR DISTRIBUCION A CATASTRO;;1350;1350OK;12;;;;;NIEVEZ MORALES;ALCIDES VADILLO PINTO;SI;;REPORTADO;TIERRA FISCAL VIGENTE
196592;TIERRA FISCAL;EL PIO II, FORTALEZA, LOS VALLECITOS, LOS CANTARITOS Y OTROS;TIERRA FISCAL;EL PIO II, FORTALEZA, LOS VALLECITOS, LOS CANTARITOS Y OTROS;RA-SS No0826/2010;16/9/2010;ADMINISTRATIVA;487.8705;487.8705;;RECORTE;MEDIANA;GANADERA;SANTA CRUZ;;;SAN-SIM;;RECTIFICATORIA;;DGS-JRLL No837/2010;16/9/2010;DN HRI No7686/2010;15/10/2010;2010;;DGS-ESP-SC-CT-No.220/2010;FALSO;6/2/2015;DGAT-CI N° 170/2018 DE 23/03/2018 HR 7413;DN-C-EXT. N°. 438/2018 5 de julio de 2018 Validado;1980/2024;;;;PRESTAMO A SANEAMIENTO NOTA DGAT 714/2018 Y HR 18659 (29/08/2018) FUE DEVUELTO  19/10/2018 (PIO II DGAT-CI 888/2019 HR 20065/2019)HR CATASTRO>DDRR:DN HRI Nº 7413/2018INF CAT:DGAT-UCR-INF Nº 1811/2018 (25/07/2018)SEG. HR:SEG. HR:SEG. HR:SEG. HR: INF_INSP:  AP:  CONTENCIOSO:  OBS_DDRR:NOTA REMITIDA POR DISTRIBUCION A CATASTRO;;975;975 S/U;20;1;;;;NIEVEZ MORALES;RENE SALOMON  VARGAS;SI;;REPORTADO;TIERRA FISCAL VIGENTE
196593;TIERRA FISCAL;EL PIO II, (FORTALEZA), LOS VALLECITOS, LOS CANTARITOS Y OTROS;TIERRA FISCAL;EL PIO II, (FORTALEZA), LOS VALLECITOS, LOS CANTARITOS Y OTROS;RA-SS No0480/2003;26/11/2003;ADMINISTRATIVA;462.6975;462.6975;;ILEGALIDAD;SIN DEFINIR;SIN DEFINIR;SANTA CRUZ;;;SAN-SIM;7.03.1.01.0007635;;;;;;;2010;;DGS-ESP-SC-CT-No.220/2010;FALSO;2/4/2015;DGAT-CI N° 170/2018 DE 23/03/2018 HR 7413;DN-C-EXT. N°. 438/2018 5 de julio de 2018 Validado;1980/2024;;PROBADA LA DEMANDA CUENTA PROCESO  ANTE EL TRIBUNAL AGROAMBIENTAL  DATOS 2022;;PRESTAMO A SANE NOTA DGAT 714/2018 Y HR 18659 (29/08/2018)// REMITIDO A SANE MEDINTE NOTA DGAR CI No. 860/2019 de 15/11/2019 HR 20066/2019  A ATIENDA HR// MEDIANTE NOTA DGRA NoO. 1183/2018 HR 34301/2018 SE SOLICITO LA SUBSANACION DE OBSERVACIONESHR CATASTRO>DDRR:DN HRI Nº 7413/2018INF CAT:DGAT-UCR-INF Nº 1811/2018 (25/07/2018)SEG. HR:SEG. HR:SEG. HR: OBS 2019:SE REMITIO A SANEAMIENTO   RESOLUCION RECTIFICATORIA SEÑALA: SE DEBE DECLARAR TIERRA FISCAL LA SUPERFICIE XXX. INF_INSP:  AP:  CONTENCIOSO:  OBS_DDRR:NOTA REMITIDA POR DISTRIBUCION A CATASTRO;;980;980S/U;20;1;;;NOS DEVOLVIERON LOS ANTEC MEDIANTE HR 27400/2018 DE FECHA 24 DE OCTUBRE DE 2018. REMITE CARPETA DE SANEA MEDIANTE NOTA DGST CI No.3922/2019 hr 18437/2019 10/09/2019 codigo  de carpeta /980/, HR 34301/2018 NOTA DGAT-CI No. 1183/2018 saneamiento;NIEVEZ MORALES;RENE SALOMON  VARGAS;SI;SI;PROCESO CONTENCIOSO VIGENTE;TIERRA FISCAL VIGENTE
196634;TIERRA FISCAL;TIERRA FISCAL;TIERRA FISCAL;TIERRA FISCAL;RA-SS No601/2005;7/7/2005;ADMINISTRATIVA;30.4395;30.4395;;IDENTIFICADA;TIERRA FISCAL;TIERRA FISCAL;SANTA CRUZ;;;SAN-SIM;;;;DGS No1203/2012;6/6/2012;DN HRI No18507/2012;6/6/2012;2012;;DGS-ESP-SC-CT No.326/2011;FALSO;20/3/2015;DN HRI Nro 21164/2018 DGAT-CI-  Nº  660/2018 20 de Agosto de 2018, NULL;;;;;;SOL.PRESI:DGAT-CI Nº 608/2018 20088/2018SOL.PRESI:DGAT-CI Nº 608/2018 20088/2018SOL.PRESI:DGAT-CI Nº 608/2018 20088/2018 INF_INSP:  AP:  CONTENCIOSO:  OBS_DDRR:NOTA REMITIDA POR DISTRIBUCION A CATASTRO;;62;62ok;30;1;GAVETERO 1;CAJA 2;;CLETO MIRANDA;ALCIDES VADILLO PINTO;SI;;REPORTADO;TIERRA FISCAL VIGENTE
196653;TIERRA FISCAL;LA KANTUTA;TIERRA FISCAL;LA KANTUTA;RA-SS No0455/2003;20/11/2003;ADMINISTRATIVA;16.4867;15.562;;ILEGALIDAD;SIN DEFINIR;SIN DEFINIR;SANTA CRUZ;;;SAN-SIM;;;;;;;;2007;;;FALSO;16/1/2015;;;;;;;EXISTE  VARIACION DE SUP. DE 0.9247ha, LA SUP. DE LA RES ADM ES  16.4867 ha. Y EN EL SHAPE ES DE  15.5620HA. SE DEVOLVIO A SANEAMIENTO HR  11205HR CATASTRO>DDRR:INF CAT:SEG. HR:REALIZAR NOTA PARA Q RECTIFIQUEN OKSOL.PRESI:DGAT-CI Nº 671/2018 21276/2018SOL.PRESI:DGAT-CI Nº 671/2018 21276/2018SOL.PRESI:DGAT-CI Nº 671/2018 21276/2018 INF_INSP:  AP:  CONTENCIOSO:  OBS_DDRR:FALTA ENVIAR;0;;;6;;;;variacian de sup. Devuelto a saneamiento hr 11205/2016;NIEVEZ MORALES;RENE SALOMON VARGAS;REVISAR NOTA DE REMISION;;REPORTADO;TIERRA FISCAL VIGENTE
196657;TIERRA FISCAL;TIERRA FISCAL;TIERRA FISCAL;TIERRA FISCAL;RA-SS No600/2005;7/7/2005;ADMINISTRATIVA;137.4345;137.4345;;IDENTIFICADA;TIERRA FISCAL;TIERRA FISCAL;SANTA CRUZ;;;SAN-SIM;;;;DGS No3398/2012;21/12/2012;DN HRI No39107/2012;21/12/2012;2012;;;FALSO;2/4/2015;DN HRI Nro 21164/2018 DGAT-CI-  Nº  660/2018 20 de Agosto de 2018, NULL;;;;;;SOL.PRESI:DGAT-CI Nº 608/2018 20088/2018SOL.PRESI:DGAT-CI Nº 608/2018 20088/2018SOL.PRESI:DGAT-CI Nº 608/2018 20088/2018 INF_INSP:  AP:  CONTENCIOSO:  OBS_DDRR:NOTA REMITIDA POR DISTRIBUCION A CATASTRO;;253;253ok;;1;GAVETERO 3;CAJA 1;;NIEVEZ MORALES;ALCIDES VADILLO PINTO;SI;;REPORTADO;TIERRA FISCAL VIGENTE
196705;TIERRA FISCAL;SAN ANTONIO;TIERRA FISCAL;SAN ANTONIO;RA-SS No0455/2003;20/11/2003;ADMINISTRATIVA;18.657;17.3981;;ILEGALIDAD;SIN DEFINIR;SIN DEFINIR;SANTA CRUZ;;;SAN-SIM;;;;;;;;2007;;;FALSO;2/4/2015;;;;;;;EXISTE  VARIACION DE SUP. DE 1.2589ha, LA RES ADM. LA SUP. ES 17.3981HA Y EN EL SHAPE ES DE 18.657HA.HR CATASTRO>DDRR:INF CAT:SEG. HR:REALIZAR NOTA PARA Q RECTIFIQUEN OKSOL.PRESI:DGAT-CI Nº 671/2018 21276/2018SOL.PRESI:DGAT-CI Nº 671/2018 21276/2018SOL.PRESI:DGAT-CI Nº 671/2018 21276/2018 INF_INSP:  AP:  CONTENCIOSO:  OBS_DDRR:FALTA ENVIAR;0;;;6;;;;;NIEVEZ MORALES;RENE SALOMON VARGAS;REVISAR NOTA DE REMISION;;REPORTADO;TIERRA FISCAL VIGENTE
196850;TIERRA FISCAL;JUPITER;TIERRA FISCAL;JUPITER;RA-SS No0873/2010;1/10/2010;ADMINISTRATIVA;1039.3232;1039.3232;;ILEGALIDAD;TIERRA FISCAL;TIERRA FISCAL;SANTA CRUZ;;;SAN-SIM;;RECTIFICATORIA;RECTIFICA SUPERFICIE.;DGS No0113/2011;19/1/2011;;;2011;;NO TIENE;FALSO;4/2/2015;DN-C-EXT. N°.12/2011;DN-C-EXT. N°.12/2011;;;;;  OBS_DDRR:FALTA ENVIAR;;190;190ok;16;2;GAVETERO 2;CAJA 3;;JESUS ZENTENO;ROBERTO TORREZ VALDEZ;SI;;REPORTADO;TIERRA FISCAL VIGENTE
196884;TIERRA FISCAL;BERLIN ORIENTAL Y VIRGEN DE COTOCA;TIERRA FISCAL;BERLIN ORIENTAL Y VIRGEN DE COTOCA;RA-SS No1514/2005;30/12/2005;ADMINISTRATIVA;421.3011;421.3011;;ILEGALIDAD;SIN DEFINIR;SIN DEFINIR;SANTA CRUZ;;;SAN-SIM;;RECTIFICATORIA;;DGS No2653/2012;19/10/2012;DN HRI No34842/2012;19/10/2012;2007;;;FALSO;6/2/2015;DGAT-CI Nº 785/2018 13 de Septiembre de 2018 y DN HRI Nro 23881/2018, DGAT-CI Nº 785/2018 13 de Septiembre de 2018 y DN HRI Nro 23881/2018;;;;;;  OBS_DDRR:NOTA REMITIDA POR DISTRIBUCION A CATASTRO;;169;169ok;12;1;GAVETERO 2;CAJA 2;;NIEVEZ MORALES;ALCIDES VADILLO PINTO;SI;;REPORTADO;TIERRA FISCAL VIGENTE
197185;TIERRA FISCAL;LOS CLAVELES;TIERRA FISCAL;LOS CLAVELES;RA-SS No0482/2003;26/11/2003;ADMINISTRATIVA;478.2307;478.2306;;ILEGALIDAD;SIN DEFINIR;SIN DEFINIR;SANTA CRUZ;;;SAN-SIM;;;;DGS No1739/2015;24/6/2015;DN HRI No17517/2015;24/6/2015;2015;;DGS-SC-N-CT No.084/2013;FALSO;3/7/2015;MEDIANTE NOTA DGAT-CI No578/2017 y HR 25866/2017;;;;;;se solicito la rectificacion NOTA DGAT-CI N°416/2016F-  hr 27468  YA FUE SUBSANADO Y CORREGIDO.HR CATASTRO>DDRR:INF CAT:SEG. HR:SEG. HR:SEG. HR:SEG. HR: INF_INSP:  AP:  CONTENCIOSO:  OBS_DDRR:NOTA REMITIDA POR DISTRIBUCION A CATASTRO;;444;444ok;46;1;GAVETERO 5;CAJA 2;DEVUELTO A SANEAMIENTO HR 27468;NIEVEZ MORALES;RENE SALOMON VARGAS;SI;;REPORTADO;TIERRA FISCAL VIGENTE
197232;TIERRA FISCAL;PICA FLOR;TIERRA FISCAL;PICA FLOR;RA-SS No0455/2003;20/11/2003;ADMINISTRATIVA;18.4624;17.9834;;ILEGALIDAD;SIN DEFINIR;SIN DEFINIR;SANTA CRUZ;;;SAN-SIM;;;;;;;;2007;;;FALSO;2/4/2015;;;;;;;EXISTE  VARIACION DE SUP. DE 0.4790HA Y EN LA RES ADM  LA SUP. ES DE 18.4624HA  Y  EN EL SHAPE ES DE 17.9834 HA. AL TECNICO   ILUMINADO SE LO HIZO CONOCER PARA RECTIFICAR LA RES.HR CATASTRO>DDRR:INF CAT:SEG. HR:REALIZAR NOTA PARA Q RECTIFIQUEN OKSOL.PRESI:DGAT-CI Nº 671/2018 21276/2018SOL.PRESI:DGAT-CI Nº 671/2018 21276/2018SOL.PRESI:DGAT-CI Nº 671/2018 21276/2018 INF_INSP:  AP:  CONTENCIOSO:  OBS_DDRR:FALTA ENVIAR;0;;;6;;;;;NIEVEZ MORALES;RENE SALOMON VARGAS;REVISAR NOTA DE REMISION;;REPORTADO;TIERRA FISCAL VIGENTE
197425;TIERRA FISCAL;TIERRA FISCAL;TIERRA FISCAL;TIERRA FISCAL;RA-SS No1502/2005;23/12/2005;ADMINISTRATIVA;23.0834;23.0834;;IDENTIFICADA;TIERRA FISCAL;TIERRA FISCAL;SANTA CRUZ;;;SAN-SIM;7.05.0.20.0001014;;;DGS No. 0051/2017;13/1/2017;DN HRI No.827/2017;13/1/2017;2017;;DGS-SC-E-CT-No.552/2016;VERDADERO;22/2/2017;DN HRI No827/2017VIA SANEAMIENTO;;11430/2024;DN HRI No827/2017VIA SANEAMIENTO;;;SOL.PRESI:DGAT-CI Nº 591/2018 20924/2018SOL.PRESI:DGAT-CI Nº 591/2018 20924/2018SOL.PRESI:DGAT-CI Nº 591/2018 20924/2018 INF_INSP:  AP:  CONTENCIOSO:  OBS_DDRR:HOJA DE RUTA REMITIDA VIA SANEAMIENTO;;987;987ok;100;1;;;;EDWIN CALLE CONDORI;ROBERTO TORREZ VALDEZ;SI;;REPORTADO;TIERRA FISCAL VIGENTE
197494;TIERRA FISCAL;TIERRA FISCAL;TIERRA FISCAL;TIERRA FISCAL;RA-SS No1499/2005;23/12/2005;ADMINISTRATIVA;4.5382;4.5382;;IDENTIFICADA;TIERRA FISCAL;TIERRA FISCAL;SANTA CRUZ;;;SAN-SIM;7.05.2.01.0001185;;;;;;;2008;;DGS-JRLL No.1673/2008;FALSO;16/1/2015;;;1980/2024;;;;SOL.PRESI:DGAT-CI Nº 591/2018 20924/2018SOL.PRESI:DGAT-CI Nº 591/2018 20924/2018SOL.PRESI:DGAT-CI Nº 591/2018 20924/2018 INF_INSP:  AP:  CONTENCIOSO:  OBS_DDRR:FALTA ENVIAR;0;99;99ok;6;1;GAVETERO 1;CAJA 3;;NIEVEZ MORALES;ROBERTO TORREZ VALDEZ;REVISAR NOTA DE REMISION;;REPORTADO;TIERRA FISCAL VIGENTE
197595;TIERRA FISCAL;LA ESMERANDA  Y EL CHOCOLATE;TIERRA FISCAL;LA ESMERANDA  Y EL CHOCOLATE;RA-SS No0434/2005;13/6/2005;ADMINISTRATIVA;87.0219;87.0219;;ILEGALIDAD;SIN DEFINIR;SIN DEFINIR;SANTA CRUZ;;;SAN-SIM;;;;DGS No0756/2012;25/4/2012;;;2012;;;FALSO;6/2/2015;22748/2018 DGAT CI Nº 758/2018 04 de septiembre de 2018;;;;;;SOL.PRESI:DGAT-CI Nº 671/2018 21276/2018SOL.PRESI:DGAT-CI Nº 671/2018 21276/2018SOL.PRESI:DGAT-CI Nº 671/2018 21276/2018 INF_INSP:  AP:  CONTENCIOSO:  OBS_DDRR:NOTA REMITIDA POR DISTRIBUCION A CATASTRO;;237;237ok;12;1;GAVETERO 2;CAJA 4;;NIEVEZ MORALES;ALCIDES VADILLO PINTO;SI;;REPORTADO;TIERRA FISCAL VIGENTE
197653;TIERRA FISCAL;AURORA;TIERRA FISCAL;AURORA;RA-SS No0384/2005;16/5/2005;ADMINISTRATIVA;547.818;547.818;;ILEGALIDAD;SIN DEFINIR;SIN DEFINIR;SANTA CRUZ;;;SAN-SIM;;;;DGS No3347/2012;13/12/2012;DN HRI No40409/2012;13/12/2012;2012;;DGS-SCS-No.076/2012;VERDADERO;23/3/2015;MEDIANTE NOTA DGAT-CI-  Nº  382/2018 Y HR DN HRI Nro 14339/2018;DN-C-EXT. N°. 524/2018 8 de agosto de 2018 Generado;;;;;se deolvio a saneamiento mediante nota DGAT CI No 385/2018 de fecha 07/09/2018 hr 14418/2018 , se adjunto  1 cuerpo  fojas 173, la resolu declra improcedencia y no declra TFHR CATASTRO>DDRR:INF CAT:SEG. HR:SEG. HR:SEG. HR:SEG. HR: INF_INSP:  AP:  CONTENCIOSO:  OBS_DDRR:NOTA REMITIDA POR DISTRIBUCION A CATASTRO;;286;286 ok;;1;GAVETERO 3;CAJA 2;;CLETO MIRANDA;ALCIDES VADILLO PINTO;SI;;REPORTADO - AREA URBANA;TIERRA FISCAL VIGENTE
197689;TIERRA FISCAL;TUNAMA Y MOROCONGO TIERRA FISCAL;TIERRA FISCAL;TUNAMA Y MOROCONGO TIERRA FISCAL;228335;31/12/2007;SUPREMA;1161.4579;1161.4579;;RECORTE;MEDIANA;AGRICOLA;SANTA CRUZ;;;SAN-SIM;;;;;;;;2007;;;FALSO;;NOTA REMITIDA DGAT-CI N°632/2017 DE FECHA 28/11/2017 HR 33155/2017;;;;;;  OBS_DDRR:NOTA REMITIDA POR DISTRIBUCION A CATASTRO;0;143;143ok;;2;GAVETERO 2;CAJA 1;;;EVO MORALES AYMA;REVISAR NOTA DE REMISION;;REPORTADO;TIERRA FISCAL VIGENTE
198081;TIERRA FISCAL;TIERRA FISCAL;TIERRA FISCAL;TIERRA FISCAL;RA-SS No0295/2002;23/9/2002;ADMINISTRATIVA;69.8314;69.8314;;IDENTIFICADA;TIERRA FISCAL;TIERRA FISCAL;SANTA CRUZ;;;SAN-SIM;;;;;;;;2008;;;FALSO;16/1/2015;DN HRI Nro 16453/2018 y DGAT-CI-  Nº  445/2018 y  28 de Junio de 2018, NULL;DN-C-EXT. N°. 519/2018 7 de agosto de 2018 Generado;;;;;SOL.PRESI:DGAT-CI Nº 671/2018 21276/2018SOL.PRESI:DGAT-CI Nº 671/2018 21276/2018SOL.PRESI:DGAT-CI Nº 671/2018 21276/2018 INF_INSP:  AP:  CONTENCIOSO:  OBS_DDRR:NOTA REMITIDA POR DISTRIBUCION A CATASTRO;0;;;1;;;;;NIEVEZ MORALES;RENE SALOMON VARGAS;REVISAR NOTA DE REMISION;;REPORTADO;TIERRA FISCAL VIGENTE
198085;TIERRA FISCAL;TIERRA FISCAL;TIERRA FISCAL;TIERRA FISCAL;RA-SS No0295/2002;23/9/2002;ADMINISTRATIVA;12.1385;12.1385;;IDENTIFICADA;TIERRA FISCAL;TIERRA FISCAL;SANTA CRUZ;;;SAN-SIM;;;;DGS-JRLL No1808;17/12/2008;;;2007;;;FALSO;16/1/2015;DN HRI Nro 16453/2018 y DGAT-CI-  Nº  445/2018 y  28 de Junio de 2018, NULL;;;;;;SOL.PRESI:DGAT-CI Nº 671/2018 21276/2018SOL.PRESI:DGAT-CI Nº 671/2018 21276/2018SOL.PRESI:DGAT-CI Nº 671/2018 21276/2018 INF_INSP:  AP:  CONTENCIOSO:  OBS_DDRR:NOTA REMITIDA POR DISTRIBUCION A CATASTRO;;;;1;;;;;NIEVEZ MORALES;RENE SALOMON VARGAS;SI;;REPORTADO;TIERRA FISCAL VIGENTE
198091;TIERRA FISCAL;TIERRA FISCAL;TIERRA FISCAL;TIERRA FISCAL;RA-SS No0295/2002;23/9/2002;ADMINISTRATIVA;81.3632;81.3632;;IDENTIFICADA;TIERRA FISCAL;TIERRA FISCAL;SANTA CRUZ;;;SAN-SIM;;;;;;;;2007;;;FALSO;16/1/2015;DN HRI Nro 16453/2018 y DGAT-CI-  Nº  445/2018 y  28 de Junio de 2018, NULL;;;;;;SOL.PRESI:DGAT-CI Nº 671/2018 21276/2018SOL.PRESI:DGAT-CI Nº 671/2018 21276/2018SOL.PRESI:DGAT-CI Nº 671/2018 21276/2018 INF_INSP:  AP:  CONTENCIOSO:  OBS_DDRR:NOTA REMITIDA POR DISTRIBUCION A CATASTRO;0;;;1;;;;;NIEVEZ MORALES;RENE SALOMON VARGAS;REVISAR NOTA DE REMISION;;REPORTADO;TIERRA FISCAL VIGENTE
198096;TIERRA FISCAL;TIERRA FISCAL;TIERRA FISCAL;TIERRA FISCAL;RA-SS No0295/2002;23/9/2002;ADMINISTRATIVA;84.8305;84.8305;;IDENTIFICADA;TIERRA FISCAL;TIERRA FISCAL;SANTA CRUZ;;;SAN-SIM;;;RECTIIFCA LA SUP.;;;;;2007;RECTIFICATORIA_OK;;FALSO;16/1/2015;DN HRI Nro 16453/2018 y DGAT-CI-  Nº  445/2018 y  28 de Junio de 2018, NULL;;;;;;SOL.PRESI:DGAT-CI Nº 671/2018 21276/2018SOL.PRESI:DGAT-CI Nº 671/2018 21276/2018SOL.PRESI:DGAT-CI Nº 671/2018 21276/2018 INF_INSP:  AP:  CONTENCIOSO:  OBS_DDRR:NOTA REMITIDA POR DISTRIBUCION A CATASTRO;0;;;1;;;;;NIEVEZ MORALES;RENE SALOMON VARGAS;REVISAR NOTA DE REMISION;;REPORTADO;TIERRA FISCAL VIGENTE
199249;TIERRA FISCAL;VILLA UNZAGA;TIERRA FISCAL;VILLA UNZAGA;RA-ST No0066/2017;27/3/2017;ADMINISTRATIVA;1462.5825;1096.3379;;ILEGALIDAD;SIN DEFINIR;SIN DEFINIR;BENI;;;SAN-TCO;;;;DGS No.0185/2018;17/1/2018;DN  HRI No.1362/2018;17/1/2018;2018;;BUSCAR;VERDADERO;31/1/2018;DN  HRI No1362/2018 VIA SANEAMIENTO;;;DN  HRI No1362/2018 VIA SANEAMIENTO;;;  OBS_DDRR:HOJA DE RUTA REMITIDA VIA SANEAMIENTO;;1105;1105ok;;3;;;;NIEVEZ MORALES;EUGENIA BEATRIZ YUQUE APAZA;SI;;REPORTADO;TIERRA FISCAL VIGENTE
199452;TIERRA FISCAL;PAUSALITO;TIERRA FISCAL;PAUSALITO;RA-SS No1314/2005;17/11/2005;ADMINISTRATIVA;1448.4445;0;;RECORTE;SIN DEFINIR;SIN DEFINIR;SANTA CRUZ;;;SAN-SIM;;;;DGS No0142/2016;19/1/2016;DN HRI No1749/2015;19/1/2016;2016;;DGS -SC-N-CT No.129/2012;FALSO;20/1/2016;;;;;;;SOL.PRESI:DGAT-CI Nº 591/2018 20924/2018SOL.PRESI:DGAT-CI Nº 591/2018 20924/2018SOL.PRESI:DGAT-CI Nº 591/2018 20924/2018 INF_INSP:  AP:  CONTENCIOSO:  OBS_DDRR:FALTA ENVIAR;;760;760ok;74;1;GAVETERO 8;CAJA 4;;NIEVEZ MORALES;ROBERTO TORREZ VALDEZ;SI;;REPORTADO;TIERRA FISCAL VIGENTE
199697;TIERRA FISCAL;TIERRA FISCAL DISPONIBLE;TIERRA FISCAL;TIERRA FISCAL DISPONIBLE;RA-SS No1498/2005;23/12/2005;ADMINISTRATIVA;0.8164;0.8164;;IDENTIFICADA;TIERRA FISCAL;TIERRA FISCAL;SANTA CRUZ;;;SAN-SIM;7.05.2.01.0001186;;;DGS No3394/2016;3/10/2016;DN HRI No29235/2016;3/10/2016;2009;;DGS-JRLL No.1748/2008;FALSO;16/1/2015;MEDIANTE NOTA DGAT-CI No578/2017 y HR 25866/2017;;1980/2024;DN HRI No29235/2016;;;  OBS_DDRR:NOTA REMITIDA POR DISTRIBUCION A CATASTRO;;893;893ok;;1;GAVETERO 10;CAJA 4;;NIEVEZ MORALES;ROBERTO TORREZ VALDEZ;SI;;REPORTADO;TIERRA FISCAL VIGENTE
199774;TIERRA FISCAL;EL ARCO;TIERRA FISCAL;EL ARCO;RA-SS No0393/2006;17/10/2006;ADMINISTRATIVA;237.8004;0;;ILEGALIDAD;SIN DEFINIR;SIN DEFINIR;SANTA CRUZ;;;SAN-SIM;;;;DGS No2854/2015;15/9/2015;DN HRI No26819/2015;15/9/2015;2015;;DGS-SC-N-CT No.571/2015;FALSO;25/9/2015;;;;;;;SOL.PRESI:DGAT-CI Nº 671/2018 21276/2018SOL.PRESI:DGAT-CI Nº 671/2018 21276/2018SOL.PRESI:DGAT-CI Nº 671/2018 21276/2018 INF_INSP:  AP:  CONTENCIOSO:  OBS_DDRR:FALTA ENVIAR;;699;699ok;66;2;GAVETERO 8;CAJA 1;;NIEVEZ MORALES;JORGE GOMEZ CHUMACERO;SI;;REPORTADO;TIERRA FISCAL VIGENTE
204733;TIERRA FISCAL;TIERRA FISCAL - ISLA DEL CUSI;TIERRA FISCAL;TIERRA FISCAL - ISLA DEL CUSI;RA-SS No1055/2010;25/10/2010;ADMINISTRATIVA;1334.4274;1334.4274;;ILEGALIDAD;SIN DEFINIR;SIN DEFINIR;SANTA CRUZ;;;SAN-SIM;;;;DGS No2229/2012;11/9/2012;DN HRI No30476/2012;11/9/2012;2012;;DGS-BID-1512-CT-Nº 527/10;VERDADERO;2/4/2015;22621/2018 DGAT CI Nº 548 03 de septiembre de 2018;;;;;;SOL.PRESI:DGAT-CI Nº 591/2018 20924/2018SOL.PRESI:DGAT-CI Nº 591/2018 20924/2018SOL.PRESI:DGAT-CI Nº 591/2018 20924/2018 INF_INSP:  AP:  CONTENCIOSO:  OBS_DDRR:NOTA REMITIDA POR DISTRIBUCION A CATASTRO;;320;320ok;27;1;GAVETERO 3;CAJA 4;;NIEVEZ MORALES;JUAN CARLOS ROJAS CALIZAYA;SI;;REPORTADO;TIERRA FISCAL VIGENTE
206697;TIERRA FISCAL;SANTA RITA;TIERRA FISCAL;SANTA RITA;RA-SS No0361/2010;19/5/2010;ADMINISTRATIVA;1153.4633;1153.4633;;RECORTE;MEDIANA;GANADERA;SANTA CRUZ;;;SAN-SIM;7.05.1.02.0002608;RECTIFICATORIA;RECTIFICA SUP.;DGS No1706/2010;11/6/2010;;;2010;;DGS-BID-1512-CT-No.178/10;FALSO;3/2/2015;REMITIDO A DDRR DN-C-EXT. N°.536/2015;DN-C-EXT. N°.536/2015;;;;;  OBS_DDRR:FALTA ENVIAR;;;;16;;;;;JESUS ZENTENO;SANDRO STEFANO GIORDANO GARCIA;SI;;REPORTADO;TIERRA FISCAL VIGENTE
207725;TIERRA FISCAL;CHIRIGUANO;TIERRA FISCAL;CHIRIGUANO;RA-SS No1491/2005;28/12/2005;ADMINISTRATIVA;817.5951;817.5951;;RECORTE;PEQUEÑA;GANADERA;SANTA CRUZ;;;SAN-SIM;;;;DGS No0940/2014;28/3/2014;DN HRI No8114/2014;28/3/2014;2014;;DGS-BID-1512-CT-No.255/2009;VERDADERO;28/3/2015;NOTA DGAT- CI N° 322 Y HR 12903/ 2018, HR 12906/2018;DN-C-EXT. N°. 367/2018 19 de junio de 2018 Validado;;;;;  OBS_DDRR:NOTA REMITIDA POR DISTRIBUCION A CATASTRO;;;;60;;;;;CLETO MIRANDA;ROBERTO TORREZ VALDEZ;SI;;REPORTADO;TIERRA FISCAL VIGENTE
207729;TIERRA FISCAL;EL PEÑASCO;TIERRA FISCAL;EL PEÑASCO;RA-SS No0386/2005;2/6/2005;ADMINISTRATIVA;179.778;179.778;;RECORTE;PEQUEÑA;GANADERA;SANTA CRUZ;;;SAN-SIM;;;;DGS No3448/2009;7/12/2009;;;2009;;;FALSO;6/2/2015;22748/2018 DGAT CI Nº 758/2018 04 de septiembre de 2018;;;;PROBADA LA DEMANDA;;EXISTE  VARIACION DE SUP. DE 11.191 HA, LA RES. ADM.  LA SUP. DE 179.7780HA Y EN EN EL SHAPE 168.587HA EXISTE LA SUP. DE 11.1910HA. DEVUE A SANEA HR  11205, REVISADA LA PAGINA DEL TRIBUNAL AGROAMBIENTAL, PRESENTA PROCESO CONTENCIOSO ADMI EN LA GEST 2017.HR CATASTRO>DDRR:INF CAT:SEG. HR:SOL.PRESI:DGAT-CI Nº 671/2018 21276/2018SOL.PRESI:DGAT-CI Nº 671/2018 21276/2018SOL.PRESI:DGAT-CI Nº 671/2018 21276/2018 INF_INSP:  AP:  CONTENCIOSO:reportada, con proceso contecioso, a la fecha sin sentencia del TARIBUNAL Agroambiental  OBS_DDRR:NOTA REMITIDA POR DISTRIBUCION A CATASTRO;;;;12;;;;variacian de sup. Devuelto a saneamiento hr 11205/2016;NIEVEZ MORALES;ALCIDES VADILLO PINTO;SI;SI;PROCESO CONTENCIOSO VIGENTE;TIERRA FISCAL VIGENTE
207733;TIERRA FISCAL;LAS PIEDRITAS;TIERRA FISCAL;LAS PIEDRITAS;225697;9/12/2005;SUPREMA;1106.3844;1106.3844;;RECORTE;PEQUEÑA;GANADERA;SANTA CRUZ;;;SAN-SIM;;;;DGS No.3012/2017;19/10/2017;DN HRI No.27996/2017;20/10/2017;2017;;JRLL-SCE-CT No.178/2017;VERDADERO;1/11/2017;NOTA REMITIDA DGAT-CI Nº 638/2017 DE FECHA 04/12/2017 HR 32616;DN-C-EXT. N°. 159/2018 9 de marzo de 2018 Validado;;DN HRI No27996/2017;;;  OBS_DDRR:NOTA REMITIDA POR DISTRIBUCION A CATASTRO;;;;111;;;;se arrima informe de inpeccion U-ATF-INSP N°382/2018 DE 11/12/2018 SAMUEL;NIEVEZ MORALES;SANDRO STEFANO GIORDANO GARCIA;SI;;REPORTADO;TIERRA FISCAL VIGENTE
207824;TIERRA FISCAL;EL PORVENIR;TIERRA FISCAL;EL PORVENIR;225618;5/12/2005;SUPREMA;509.3217;1.1917;;RECORTE;PEQUEÑA;GANADERA;SANTA CRUZ;;;SAN-SIM;;;;;;;;2007;;;FALSO;6/2/2015;;;;;;;  OBS_DDRR:FALTA ENVIAR;0;;;;;;;;NIEVEZ MORALES;EDUARDO RODRIGUEZ VELTZE;REVISAR REPORTE;;REPORTADO;TIERRA FISCAL VIGENTE
209921;TIERRA FISCAL;SAN LUIS;TIERRA FISCAL;SAN LUIS;RA-ST No0130/2013;31/10/2013;ADMINISTRATIVA;1617.011;1617.011;;ILEGALIDAD;SIN DEFINIR;SIN DEFINIR;PANDO;;;SAN-TCO;;;;DGS No2687/2014;11/8/2014;DN HRI No22028/2014;11/8/2014;2014;;DGS-USB No.591/2013;FALSO;7/4/2015;NOTA REMITIDA DGAT-CI Nº 589/2017 DE FECHA 07/11/2017, DN HRI N 15796/2018 y DGAT CI Nº 428/2018, NOTA REMITIDA DGAT-CI Nº 589/2017 DE FECHA 07/11/2017, DN HRI Nro 15510/2018 y DGAT-CI-  Nº  418/2018 y 20 de Junio de 2018;DN-C-EXT. N°. 442/2018 23 de julio de 2018 Validado;;;;;  OBS_DDRR:NOTA REMITIDA POR DISTRIBUCION A CATASTRO;;571;571ok;71;2;GAVETERO 7;CAJA 1;;CLETO MIRANDA;RENE SALOMON VARGAS;SI;;REPORTADO;TIERRA FISCAL VIGENTE
209933;TIERRA FISCAL;EL DÓLAR;TIERRA FISCAL;EL DÓLAR;RA-ST No0024/2016;1/2/2016;ADMINISTRATIVA;612.2699;612.2699;;RECORTE;MEDIANA;GANADERA;BENI;;;SAN-TCO;;;;DGS N° 506/2016;29/2/2016;DN HRI No5543/2016;29/2/2016;2016;;JRLL - SCS-CT No.76/2014;VERDADERO;28/3/2016;DGAT-CI Nº  829/2018 24 de Septiembre de 2018 y DN HRI Nro. 24811/2018;;;;;;LOS ATECEDENTES DEVOLVIERON MEDIANTE HR 7692/2023 DE SANEAMIENTO Y NOTA DGST CI No960/2023HR CATASTRO>DDRR:INF CAT:SEG. HR:SEG. HR:SEG. HR:SEG. HR: INF_INSP:  AP:  CONTENCIOSO:  OBS_DDRR:NOTA REMITIDA POR DISTRIBUCION A CATASTRO;;818;818ok;80;2;GAVETERO 9;CAJA 2;;EDWIN CALLE CONDORI;ALCIDES VADILLO PINTO;SI;;REPORTADO;TIERRA FISCAL VIGENTE
211892;TIERRA FISCAL;POLANCO II;TIERRA FISCAL;POLANCO II;RA-SS No0209/2003;14/7/2003;ADMINISTRATIVA;7.6734;7.6734;;ILEGALIDAD;SIN DEFINIR;SIN DEFINIR;TARIJA;;;SAN-SIM;;;;DGS No3760/2015;2/12/2015;DN HRI No33644/2015;2/12/2015;2016;;DGS-JRV-TJ-CT No.0033/2014;VERDADERO;12/12/2015;DN-C-EXT. N°. 556/2018 12 de septiembre de 2018 Validado;DN-C-EXT. N°. 556/2018 12 de septiembre de 2018 Validado;;;;;SOL.PRESI:DGAT-CI Nº 545/2018 18555/2018SOL.PRESI:DGAT-CI Nº 545/2018 18555/2018SOL.PRESI:DGAT-CI Nº 545/2018 18555/2018 INF_INSP:  AP:  CONTENCIOSO:  OBS_DDRR:NOTA REMITIDA A PRESIDENCIA;;;;73;;;;;NIEVEZ MORALES;RENE SALOMON VARGAS;SI;;REPORTADO;TIERRA FISCAL VIGENTE
215146;TIERRA FISCAL;POR DEFINIR;TIERRA FISCAL;POR DEFINIR;RA-SS N°0627/2008;12/8/2008;ADMINISTRATIVA;15.3051;;;SIN DEFINIR;SIN DEFINIR;SIN DEFINIR;LA PAZ;;;SIN DEFINIR;2.20.1.05.0001327;;;DGCR-CI Nro 725/2026;15/7/2026;DN HRI Nro 9715/2026;15/7/2026;2026;;;FALSO;21/7/2026;;;;;;;;;;;;;;;;NIEVEZ MORALES;JUAN CARLOS ROJAS;SI;;REPORTADO;TIERRA FISCAL VIGENTE
215148;TIERRA FISCAL;POR DEFINIR ;TIERRA FISCAL;POR DEFINIR ;RA-SS N°0624/2008;12/8/2008;ADMINISTRATIVA;6.5691;;;SIN DEFINIR;SIN DEFINIR;SIN DEFINIR;LA PAZ;;;SIN DEFINIR;2.20.1.05.0001326;;;DGCR-CI 725/2026;15/7/2026;DN HRI Nro 9715/2026;15/7/2026;2026;;;FALSO;21/7/2026;;;;;;;;;;;;;;;;NIEVEZ MORALES;JUAN CARLOS ROJAS;SI;;REPORTADO;TIERRA FISCAL VIGENTE
215325;TIERRA FISCAL;COLONIA PLAN DE ABASTECIMIENTO AGRICOLA;TIERRA FISCAL;COLONIA PLAN DE ABASTECIMIENTO AGRICOLA;RFSCS-SC NO178/2002;29/4/2002;ADMINISTRATIVA;4.0009;4.0009;;RECORTE;PEQUEÑA;AGRICOLA;SANTA CRUZ;;;CAT-SAN;7.11.4.01.0004489;RES;;DGST NO1452/2018;18/5/2018;12685/2018;22/5/2018;2018;;JRLL-SCN -CT No.70/2018;VERDADERO;1/6/2018;12685/2018VIA SANEAMIENTO;;11430/2024;12685/2018VIA SANEAMIENTO;;;  OBS_DDRR:HOJA DE RUTA REMITIDA VIA SANEAMIENTO;;;;122;;;;;NIEVEZ MORALES;EVO MORALES AYMA;SI;;REPORTADO;TIERRA FISCAL VIGENTE
215399;TIERRA FISCAL;COLONIA MEJILLONES;TIERRA FISCAL;COLONIA MEJILLONES;RA-CS No00236/2008;29/4/2008;ADMINISTRATIVA;9.4808;9.4808;;IDENTIFICADA;TIERRA FISCAL;TIERRA FISCAL;LA PAZ;;;CAT-SAN;;;;DGS-JRA-No0667/2008;20/6/2008;;;2008;;;FALSO;2/4/2015;DGAT 863/2018 1 de octubre de 2018;;;;;;  OBS_DDRR:NOTA REMITIDA POR DISTRIBUCION A CATASTRO;;;;15;;;;;NIEVEZ MORALES;JUAN CARLOS ROJAS CALIZAYA;SI;;REPORTADO;TIERRA FISCAL VIGENTE
215661;TIERRA FISCAL;EL PALMAR;TIERRA FISCAL;EL PALMAR;225691;9/12/2005;SUPREMA;1709.65;1708.3345;;ILEGALIDAD;SIN DEFINIR;SIN DEFINIR;SANTA CRUZ;;;SAN-SIM;;;;;;;;2007;;;FALSO;6/2/2015;NOTA REMITIDA DGAT-CI N°632/2017 DE FECHA 28/11/2017 HR 33155/2017;;;;;;  OBS_DDRR:NOTA REMITIDA POR DISTRIBUCION A CATASTRO;0;;;12;;;;;NIEVEZ MORALES;SANDRO STEFANO GIORDANO GARCIA;REVISAR NOTA DE REMISION;;REPORTADO;TIERRA FISCAL VIGENTE
215751;TIERRA FISCAL;CORDECRUZ - (yacuses);TIERRA FISCAL;CORDECRUZ - (yacuses);RA-SS No1509/2005;27/12/2005;ADMINISTRATIVA;1368.3698;1368.3698;;IDENTIFICADA;TIERRA FISCAL;TIERRA FISCAL;SANTA CRUZ;;;SAN-SIM;;RECTIFICATORIA;;DGS No180/2012;8/5/2012;DN HRI No14413/2012;8/5/2012;2012;;DGS BID-1512-CT No.195/10;FALSO;2/4/2015;DN HRI Nro 21272/2018 DGAT-CI-  Nº  670/2018 20 de Agosto de 2018, REMITIDO A CATASTRO PARA REGISTRO A DDRR MEDIANTE NOTA DGAT-CI Nº 510/2017 DE 04 DE OCTUBRE DE 2017;DN-C-EXT. N°. 549/2018 30 de agosto de 2018 Generado;;;;;  OBS_DDRR:NOTA REMITIDA POR DISTRIBUCION A CATASTRO;;230;230ok;29;1;GAVETERO 2;CAJA 4;;NIEVEZ MORALES;ALCIDES VADILLO PINTO;SI;;REPORTADO - AREA URBANA;TIERRA FISCAL VIGENTE
216232;TIERRA FISCAL;TIERRA FISCAL;TIERRA FISCAL;TIERRA FISCAL;RA-SS No602/2005;7/7/2005;ADMINISTRATIVA;34.5799;34.5799;;IDENTIFICADA;TIERRA FISCAL;TIERRA FISCAL;SANTA CRUZ;;;SAN-SIM;;;;;;;;2007;;DGS-JRLL No.1673/2008;FALSO;16/1/2015;DN HRI Nro 21164/2018 DGAT-CI-  Nº  660/2018 20 de Agosto de 2018, NULL;;;;;;SOL.PRESI:DGAT-CI Nº 608/2018 20088/2018SOL.PRESI:DGAT-CI Nº 608/2018 20088/2018SOL.PRESI:DGAT-CI Nº 608/2018 20088/2018 INF_INSP:  AP:  CONTENCIOSO:  OBS_DDRR:NOTA REMITIDA POR DISTRIBUCION A CATASTRO;0;;;;;;;;NIEVEZ MORALES;ALCIDES VADILLO PINTO;REVISAR REPORTE;;REPORTADO;TIERRA FISCAL VIGENTE
219578;TIERRA FISCAL;COMUNIDAD CAMPESINA RIO GRANDE DEL MUNICIPIO DE EL PUENTE;TIERRA FISCAL;COMUNIDAD CAMPESINA RIO GRANDE DEL MUNICIPIO DE EL PUENTE;RA-CS SC No229/2002;26/11/2002;ADMINISTRATIVA;47.9737;47.9737;;IDENTIFICADA;TIERRA FISCAL;TIERRA FISCAL;SANTA CRUZ;;;CAT-SAN;;;;;;;;2007;;NO TIENE;FALSO;16/1/2015;DN-C-EXT. N°.15/2011;DN-C-EXT. N°.15/2011;;;;;SOBRE LA MISMA AREA  EXISTE DOS RES. RES. ADM. RA CS N° 0352/2010, RA-CS SC No229/2002HR CATASTRO>DDRR:INF CAT:SEG. HR:SEG. HR:SEG. HR:SEG. HR: INF_INSP:  AP:  CONTENCIOSO:  OBS_DDRR:FALTA ENVIAR;0;;;1;;;;;JESUS ZENTENO;RENE SALOMON VARGAS;REVISAR NOTA DE REMISION;;REPORTADO;TIERRA FISCAL VIGENTE
219579;TIERRA FISCAL;COMUNIDAD CAMPESINA RIO GRANDE DEL MUNICIPIO DE EL PUENTE;TIERRA FISCAL;COMUNIDAD CAMPESINA RIO GRANDE DEL MUNICIPIO DE EL PUENTE;RA-CS SC No229/2002;26/11/2002;ADMINISTRATIVA;51.0512;51.0512;;IDENTIFICADA;TIERRA FISCAL;TIERRA FISCAL;SANTA CRUZ;;;CAT-SAN;;;;;;;;2007;;NO TIENE;FALSO;16/1/2015;DN-C-EXT. N°.15/2011;DN-C-EXT. N°.15/2011;;;;;  OBS_DDRR:FALTA ENVIAR;0;;;1;;;;;JESUS ZENTENO;RENE SALOMON VARGAS;REVISAR NOTA DE REMISION;;REPORTADO;TIERRA FISCAL VIGENTE
219580;TIERRA FISCAL;COMUNIDAD CAMPESINA RIO GRANDE DEL MUNICIPIO DE EL PUENTE;TIERRA FISCAL;COMUNIDAD CAMPESINA RIO GRANDE DEL MUNICIPIO DE EL PUENTE;RA-CS SC No229/2002;26/11/2002;ADMINISTRATIVA;47.8749;47.8749;;IDENTIFICADA;TIERRA FISCAL;TIERRA FISCAL;SANTA CRUZ;;;CAT-SAN;;;;;;;;2007;;NO TIENE;FALSO;16/1/2015;DN-C-EXT. N°.15/2011;DN-C-EXT. N°.15/2011;;;;;  OBS_DDRR:FALTA ENVIAR;0;;;1;;;;;JESUS ZENTENO;RENE SALOMON VARGAS;REVISAR NOTA DE REMISION;;REPORTADO;TIERRA FISCAL VIGENTE
219581;TIERRA FISCAL;COMUNIDAD CAMPESINA RIO GRANDE DEL MUNICIPIO DE EL PUENTE;TIERRA FISCAL;COMUNIDAD CAMPESINA RIO GRANDE DEL MUNICIPIO DE EL PUENTE;RA-CS SC No229/2002;26/11/2002;ADMINISTRATIVA;51.1503;51.1503;;IDENTIFICADA;TIERRA FISCAL;TIERRA FISCAL;SANTA CRUZ;;;CAT-SAN;;;;;;;;2007;;NO TIENE;FALSO;16/1/2015;DN-C-EXT. N°.15/2011;DN-C-EXT. N°.15/2011;;;;;  OBS_DDRR:FALTA ENVIAR;0;;;1;;;;;JESUS ZENTENO;RENE SALOMON VARGAS;REVISAR NOTA DE REMISION;;REPORTADO;TIERRA FISCAL VIGENTE
219582;TIERRA FISCAL;COMUNIDAD CAMPESINA RIO GRANDE DEL MUNICIPIO DE EL PUENTE;TIERRA FISCAL;COMUNIDAD CAMPESINA RIO GRANDE DEL MUNICIPIO DE EL PUENTE;RA-CS SC No229/2002;26/11/2002;ADMINISTRATIVA;47.5313;47.5313;;IDENTIFICADA;TIERRA FISCAL;TIERRA FISCAL;SANTA CRUZ;;;CAT-SAN;;;;;;;;2007;;NO TIENE;FALSO;16/1/2015;DN-C-EXT. N°.15/2011;DN-C-EXT. N°.15/2011;;;;;  OBS_DDRR:FALTA ENVIAR;0;;;1;;;;;JESUS ZENTENO;RENE SALOMON VARGAS;REVISAR NOTA DE REMISION;;REPORTADO;TIERRA FISCAL VIGENTE
219583;TIERRA FISCAL;COMUNIDAD CAMPESINA RIO GRANDE DEL MUNICIPIO DE EL PUENTE;TIERRA FISCAL;COMUNIDAD CAMPESINA RIO GRANDE DEL MUNICIPIO DE EL PUENTE;RA-CS SC No229/2002;26/11/2002;ADMINISTRATIVA;47.6515;47.6515;;IDENTIFICADA;TIERRA FISCAL;TIERRA FISCAL;SANTA CRUZ;;;CAT-SAN;;;;;;;;2007;;NO TIENE;FALSO;16/1/2015;DN-C-EXT. N°.15/2011;DN-C-EXT. N°.15/2011;;;;;  OBS_DDRR:FALTA ENVIAR;0;;;1;;;;;JESUS ZENTENO;RENE SALOMON VARGAS;REVISAR NOTA DE REMISION;;REPORTADO;TIERRA FISCAL VIGENTE
219584;TIERRA FISCAL;COMUNIDAD CAMPESINA RIO GRANDE DEL MUNICIPIO DE EL PUENTE;TIERRA FISCAL;COMUNIDAD CAMPESINA RIO GRANDE DEL MUNICIPIO DE EL PUENTE;RA-CS SC No229/2002;26/11/2002;ADMINISTRATIVA;51.3735;51.3735;;IDENTIFICADA;TIERRA FISCAL;TIERRA FISCAL;SANTA CRUZ;;;CAT-SAN;;;;;;;;2007;;NO TIENE;FALSO;16/1/2015;DN-C-EXT. N°.15/2011;DN-C-EXT. N°.15/2011;;;;;  OBS_DDRR:FALTA ENVIAR;0;;;1;;;;;JESUS ZENTENO;RENE SALOMON VARGAS;REVISAR NOTA DE REMISION;;REPORTADO;TIERRA FISCAL VIGENTE
219585;TIERRA FISCAL;COMUNIDAD CAMPESINA RIO GRANDE DEL MUNICIPIO DE EL PUENTE;TIERRA FISCAL;COMUNIDAD CAMPESINA RIO GRANDE DEL MUNICIPIO DE EL PUENTE;RA-CS SC No229/2002;26/11/2002;ADMINISTRATIVA;49.6528;49.6528;;IDENTIFICADA;TIERRA FISCAL;TIERRA FISCAL;SANTA CRUZ;;;CAT-SAN;;;;;;;;2007;;NO TIENE;VERDADERO;16/1/2015;DN-C-EXT. N°.15/2011;DN-C-EXT. N°.15/2011;;;;;  OBS_DDRR:FALTA ENVIAR;0;;;1;;;;;JESUS ZENTENO;RENE SALOMON VARGAS;REVISAR NOTA DE REMISION;;REPORTADO;TIERRA FISCAL VIGENTE
219587;TIERRA FISCAL;COMUNIDAD CAMPESINA RIO GRANDE DEL MUNICIPIO DE EL PUENTE;TIERRA FISCAL;COMUNIDAD CAMPESINA RIO GRANDE DEL MUNICIPIO DE EL PUENTE;RA-CS SC No229/2002;26/11/2002;ADMINISTRATIVA;49.6528;49.6528;;IDENTIFICADA;TIERRA FISCAL;TIERRA FISCAL;SANTA CRUZ;;;CAT-SAN;;;;;;;;2007;;NO TIENE;FALSO;16/1/2015;DN-C-EXT. N°.15/2011;DN-C-EXT. N°.15/2011;;;;;  OBS_DDRR:FALTA ENVIAR;0;;;1;;;;;JESUS ZENTENO;RENE SALOMON VARGAS;REVISAR NOTA DE REMISION;;REPORTADO;TIERRA FISCAL VIGENTE
219599;TIERRA FISCAL;COMUNIDAD CAMPESINA RIO GRANDE DEL MUNICIPIO DE EL PUENTE;TIERRA FISCAL;COMUNIDAD CAMPESINA RIO GRANDE DEL MUNICIPIO DE EL PUENTE;RA-CS SC No229/2002;26/11/2002;ADMINISTRATIVA;49.6528;49.6528;;IDENTIFICADA;TIERRA FISCAL;TIERRA FISCAL;SANTA CRUZ;;;CAT-SAN;;;;;;;;2007;;NO TIENE;FALSO;16/1/2015;DN-C-EXT. N°.15/2011;DN-C-EXT. N°.15/2011;;;;;  OBS_DDRR:FALTA ENVIAR;0;;;1;;;;;JESUS ZENTENO;RENE SALOMON VARGAS;REVISAR NOTA DE REMISION;;REPORTADO;TIERRA FISCAL VIGENTE
219602;TIERRA FISCAL;COMUNIDAD CAMPESINA RIO GRANDE DEL MUNICIPIO EL PUENTE;TIERRA FISCAL;COMUNIDAD CAMPESINA RIO GRANDE DEL MUNICIPIO EL PUENTE;RA-CS SC No229/2002;26/11/2002;ADMINISTRATIVA;49.6528;49.6528;;IDENTIFICADA;TIERRA FISCAL;TIERRA FISCAL;SANTA CRUZ;;;CAT-SAN;;;;;;;;2007;;NO TIENE;FALSO;16/1/2015;DN-C-EXT. N°.15/2011;DN-C-EXT. N°.15/2011;;;;;  OBS_DDRR:FALTA ENVIAR;0;;;1;;;;;JESUS ZENTENO;RENE SALOMON VARGAS;REVISAR NOTA DE REMISION;;REPORTADO;TIERRA FISCAL VIGENTE
219603;TIERRA FISCAL;COMUNIDAD CAMPESINA RIO GRANDE DEL MUNICIPIO EL PUENTE;TIERRA FISCAL;COMUNIDAD CAMPESINA RIO GRANDE DEL MUNICIPIO EL PUENTE;RA-CS SC No229/2002;26/11/2002;ADMINISTRATIVA;49.6528;49.6528;;IDENTIFICADA;TIERRA FISCAL;TIERRA FISCAL;SANTA CRUZ;;;CAT-SAN;;;;;;;;2007;;NO TIENE;FALSO;16/1/2015;DN-C-EXT. N°.15/2011;DN-C-EXT. N°.15/2011;;;;;  OBS_DDRR:FALTA ENVIAR;0;;;1;;;;;JESUS ZENTENO;RENE SALOMON VARGAS;REVISAR NOTA DE REMISION;;REPORTADO;TIERRA FISCAL VIGENTE
219604;TIERRA FISCAL;COMUNIDAD CAMPESINA RIO GRANDE DEL MUNICIPIO EL PUENTE;TIERRA FISCAL;COMUNIDAD CAMPESINA RIO GRANDE DEL MUNICIPIO EL PUENTE;RA-CS SC No229/2002;26/11/2002;ADMINISTRATIVA;49.7003;49.7003;;IDENTIFICADA;TIERRA FISCAL;TIERRA FISCAL;SANTA CRUZ;;;CAT-SAN;;;;;;;;2007;;NO TIENE;FALSO;16/1/2015;DN-C-EXT. N°.15/2011;DN-C-EXT. N°.15/2011;;;;;  OBS_DDRR:FALTA ENVIAR;0;;;1;;;;;JESUS ZENTENO;RENE SALOMON VARGAS;REVISAR NOTA DE REMISION;;REPORTADO;TIERRA FISCAL VIGENTE
219606;TIERRA FISCAL;COMUNIDAD CAMPESINA RIO GRANDE DEL MUNICIPIO EL PUENTE;TIERRA FISCAL;COMUNIDAD CAMPESINA RIO GRANDE DEL MUNICIPIO EL PUENTE;RA-CS SC No229/2002;26/11/2002;ADMINISTRATIVA;49.6054;49.6054;;IDENTIFICADA;TIERRA FISCAL;TIERRA FISCAL;SANTA CRUZ;;;CAT-SAN;;;;DGS No4286/2010;30/12/2010;;;2007;;NO TIENE;FALSO;16/1/2015;DN-C-EXT. N°.15/2011;DN-C-EXT. N°.15/2011;;;;;  OBS_DDRR:FALTA ENVIAR;;;;1;;;;;JESUS ZENTENO;RENE SALOMON VARGAS;SI;;REPORTADO;TIERRA FISCAL VIGENTE
219607;TIERRA FISCAL;COMUNIDAD CAMPESINA RIO GRANDE DEL MUNICIPIO EL PUENTE;TIERRA FISCAL;COMUNIDAD CAMPESINA RIO GRANDE DEL MUNICIPIO EL PUENTE;RA-CS SC No229/2002;26/11/2002;ADMINISTRATIVA;49.6528;49.6528;;IDENTIFICADA;TIERRA FISCAL;TIERRA FISCAL;SANTA CRUZ;;;CAT-SAN;;;;;;;;2007;;NO TIENE;FALSO;16/1/2015;DN-C-EXT. N°.15/2011;DN-C-EXT. N°.15/2011;;;;;  OBS_DDRR:FALTA ENVIAR;0;;;1;;;;;JESUS ZENTENO;RENE SALOMON VARGAS;REVISAR NOTA DE REMISION;;REPORTADO;TIERRA FISCAL VIGENTE
219609;TIERRA FISCAL;COMUNIDAD CAMPESINA RIO GRANDE DEL MUNICIPIO EL PUENTE;TIERRA FISCAL;COMUNIDAD CAMPESINA RIO GRANDE DEL MUNICIPIO EL PUENTE;RA-CS SC No229/2002;26/11/2002;ADMINISTRATIVA;49.6528;49.6528;;IDENTIFICADA;TIERRA FISCAL;TIERRA FISCAL;SANTA CRUZ;;;CAT-SAN;;;;;;;;2007;;NO TIENE;FALSO;16/1/2015;DN-C-EXT. N°.15/2011;DN-C-EXT. N°.15/2011;;;;;  OBS_DDRR:FALTA ENVIAR;0;;;1;;;;;JESUS ZENTENO;RENE SALOMON VARGAS;REVISAR NOTA DE REMISION;;REPORTADO;TIERRA FISCAL VIGENTE
219612;TIERRA FISCAL;COMUNIDAD CAMPESINA RIO GRANDE DEL MUNICIPIO EL PUENTE;TIERRA FISCAL;COMUNIDAD CAMPESINA RIO GRANDE DEL MUNICIPIO EL PUENTE;RA-CS SC No229/2002;26/11/2002;ADMINISTRATIVA;49.6528;49.6528;;IDENTIFICADA;TIERRA FISCAL;TIERRA FISCAL;SANTA CRUZ;;;CAT-SAN;;;;;;;;2007;;NO TIENE;FALSO;16/1/2015;DN-C-EXT. N°.15/2011;DN-C-EXT. N°.15/2011;;;;;  OBS_DDRR:FALTA ENVIAR;0;;;1;;;;;JESUS ZENTENO;RENE SALOMON VARGAS;REVISAR NOTA DE REMISION;;REPORTADO;TIERRA FISCAL VIGENTE
219613;TIERRA FISCAL;COMUNIDAD CAMPESINA RIO GRANDE DEL MUNICIPIO EL PUENTE;TIERRA FISCAL;COMUNIDAD CAMPESINA RIO GRANDE DEL MUNICIPIO EL PUENTE;RA-CS SC No229/2002;26/11/2002;ADMINISTRATIVA;49.6528;49.6528;;IDENTIFICADA;TIERRA FISCAL;TIERRA FISCAL;SANTA CRUZ;;;CAT-SAN;;;;;;;;2007;;NO TIENE;FALSO;16/1/2015;DN-C-EXT. N°.15/2011;DN-C-EXT. N°.15/2011;;;;;  OBS_DDRR:FALTA ENVIAR;0;;;1;;;;;JESUS ZENTENO;RENE SALOMON VARGAS;REVISAR NOTA DE REMISION;;REPORTADO;TIERRA FISCAL VIGENTE
219616;TIERRA FISCAL;COMUNIDAD CAMPESINA RIO GRANDE DEL MUNICIPIO EL PUENTE;TIERRA FISCAL;COMUNIDAD CAMPESINA RIO GRANDE DEL MUNICIPIO EL PUENTE;RA-CS SC No229/2002;26/11/2002;ADMINISTRATIVA;49.6528;49.6528;;IDENTIFICADA;TIERRA FISCAL;TIERRA FISCAL;SANTA CRUZ;;;CAT-SAN;;;;;;;;2007;;NO TIENE;FALSO;16/1/2015;DN-C-EXT. N°.15/2011;DN-C-EXT. N°.15/2011;;;;;  OBS_DDRR:FALTA ENVIAR;0;;;1;;;;;JESUS ZENTENO;RENE SALOMON VARGAS;REVISAR NOTA DE REMISION;;REPORTADO;TIERRA FISCAL VIGENTE
219618;TIERRA FISCAL;COMUNIDAD CAMPESINA RIO GRANDE DEL MUNICIPIO EL PUENTE;TIERRA FISCAL;COMUNIDAD CAMPESINA RIO GRANDE DEL MUNICIPIO EL PUENTE;RA-CS SC No229/2002;26/11/2002;ADMINISTRATIVA;49.6528;49.6528;;IDENTIFICADA;TIERRA FISCAL;TIERRA FISCAL;SANTA CRUZ;;;CAT-SAN;;;;;;;;2007;;NO TIENE;FALSO;16/1/2015;DN-C-EXT. N°.15/2011;DN-C-EXT. N°.15/2011;;;;;  OBS_DDRR:FALTA ENVIAR;0;;;1;;;;;JESUS ZENTENO;RENE SALOMON VARGAS;REVISAR NOTA DE REMISION;;REPORTADO;TIERRA FISCAL VIGENTE
223683;TIERRA FISCAL;TIERRA FISCAL;TIERRA FISCAL;TIERRA FISCAL;RA-SS No1449/2005;15/12/2005;ADMINISTRATIVA;2.985;2.985;;IDENTIFICADA;TIERRA FISCAL;TIERRA FISCAL;SANTA CRUZ;;;SAN-SIM;;;;DGS No2910/2012;16/11/2012;DN HRI No37636/2012;16/11/2012;2012;;SIN NOTA;FALSO;26/3/2015;;;;;;;MEDIANTE NOTA DGAT-CI No739/2018 de fecha 31/08/2018 fue devuelta, en la resol consignaILEGALIDAD DE POSESION  HR 22594/2018HR CATASTRO>DDRR:INF CAT:SEG. HR:SOL.PRESI:DGAT-CI Nº 591/2018 20924/2018SOL.PRESI:DGAT-CI Nº 591/2018 20924/2018SOL.PRESI:DGAT-CI Nº 591/2018 20924/2018 INF_INSP:  AP:  CONTENCIOSO:  OBS_DDRR:FALTA ENVIAR;;202;202 S/USANEAMIENTO;;1;GAVETERO 2;CAJA 3;RECTIFICATORIA;CLETO MIRANDA;ROBERTO TORREZ VALDEZ;SI;;REPORTADO - AREA URBANA;TIERRA FISCAL VIGENTE
224552;TIERRA FISCAL;TIERRA FISCAL;TIERRA FISCAL;TIERRA FISCAL;RA-SS No1336/2005;28/11/2005;ADMINISTRATIVA;24676.5567;24676.5567;;IDENTIFICADA;TIERRA FISCAL;TIERRA FISCAL;SANTA CRUZ;;;SAN-SIM;7.05.3.01.0002269;;;;;;;2008;;;FALSO;16/1/2015;NOTA REMITIDA DGAT-CI Nº 587/2017 DE FECHA 07/11/2017,DGAT - CI - Nº 362/2018 Y DN HRI Nº13750/2018;DN-C-EXT. N°. 370/2018 22 de junio de 2018 Validado;;;;;  OBS_DDRR:NOTA REMITIDA POR DISTRIBUCION A CATASTRO;0;;;1;;;;;JESUS ZENTENO;ROBERTO TORREZ VALDEZ;REVISAR NOTA DE REMISION;;REPORTADO;TIERRA FISCAL VIGENTE
224582;TIERRA FISCAL;TIERRA FISCAL;TIERRA FISCAL;TIERRA FISCAL;RA-SS No1336/2005;28/11/2005;ADMINISTRATIVA;27948.9778;176.4451;;IDENTIFICADA;TIERRA FISCAL;TIERRA FISCAL;SANTA CRUZ;;;SAN-SIM;7.05.3.03.0000196;;;;;;;2008;;NO TIENE;FALSO;16/1/2015;DGAT - CI - Nº 362/2018 YDN HRI Nº13750/2018;DN-C-EXT. N°. 370/2018 22 de junio de 2018 Validado;;;;;  OBS_DDRR:NOTA REMITIDA POR DISTRIBUCION A CATASTRO;0;;;1;;;;;JESUS ZENTENO;ROBERTO TORREZ VALDEZ;REVISAR NOTA DE REMISION;;REPORTADO;TIERRA FISCAL VIGENTE
224584;TIERRA FISCAL;TIERRA FISCAL;TIERRA FISCAL;TIERRA FISCAL;RA-SS No1336/2005;28/11/2005;ADMINISTRATIVA;4566.8231;4029.9829;;IDENTIFICADA;TIERRA FISCAL;TIERRA FISCAL;SANTA CRUZ;;;SAN-SIM;7.05.3.01.0002276;;;;;;;2008;;;FALSO;16/1/2015;DGAT - CI - Nº 362/2018 YDN HRI Nº13750/2018;DN-C-EXT. N°. 370/2018 22 de junio de 2018 Validado;;;;;  OBS_DDRR:NOTA REMITIDA POR DISTRIBUCION A CATASTRO;0;;;1;;;;;JESUS ZENTENO;ROBERTO TORREZ VALDEZ;REVISAR NOTA DE REMISION;;REPORTADO;TIERRA FISCAL VIGENTE
227714;TIERRA FISCAL;BELLA VISTA;TIERRA FISCAL;BELLA VISTA;223091;14/4/2005;SUPREMA;1065.5812;1065.5812;;RECORTE;MEDIANA;GANADERA;SANTA CRUZ;;;SAN-SIM;;;;DGS No2218/2014;8/7/2014;DN HRI No17880/2014;1/7/2014;2014;;DGS-SC-N-CT-No.029/2014;FALSO;9/4/2015;NOTA REMITIDA DGAT-CI N°632/2017 DE FECHA 28/11/2017 HR 33155/2017;;;;;;  OBS_DDRR:NOTA REMITIDA POR DISTRIBUCION A CATASTRO;;;;57;;;;;CLETO MIRANDA;CARLOS D. MESA GISBERT;SI;;REPORTADO;TIERRA FISCAL VIGENTE
228925;TIERRA FISCAL;AYACUCHO;TIERRA FISCAL;AYACUCHO;15746;12/8/2017;SUPREMA;210.2511;202.8577;;ILEGALIDAD;SIN DEFINIR;SIN DEFINIR;SANTA CRUZ;;;SAN-SIM;7.05.0.10.0000298;;;DGST-No. 0670/2017;29/3/2017;DN HRI No.7747/2017;29/3/2017;2017;;DGS-SC-N-CT.No.156/2012;VERDADERO;6/6/2017;MEDIANTE NOTA DGAT-CI No578/2017 y HR 25866/2017;;31293/2023;DN HRI No7747/2017;;;  OBS_DDRR:NOTA REMITIDA POR DISTRIBUCION A CATASTRO;;1022;1022ok;100;2;10;1;;EDWIN CALLE CONDORI;EVO MORALES AYMA;SI;;REPORTADO;TIERRA FISCAL VIGENTE
231911;TIERRA FISCAL;TIERRA FISCAL;TIERRA FISCAL;TIERRA FISCAL;US-DDLP No0012/2005;31/8/2005;ADMINISTRATIVA;12835.77;0;;IDENTIFICADA;TIERRA FISCAL;TIERRA FISCAL;LA PAZ;;;SAN-SIM;;;;;;;;2007;;;FALSO;6/2/2015;;;;;;;En la res.  Adm. Establece la sup. De 112707.1546 ha, SUMADO LA SUP DE LOS ID 231923, 231920, 231914, 231911 Y 231917 ES 110910.6092, DIFERENCIA DE SUPERFICIE 1796.5454 SERIDUBRE DE DOMINIO PUBLICOHR CATASTRO>DDRR:INF CAT:SEG. HR:SEG. HR:SEG. HR:SEG. HR: INF_INSP:  AP:  CONTENCIOSO:  OBS_DDRR:FALTA ENVIAR;0;;;10;;;;;NIEVEZ MORALES;RAMIRO FLORES;REVISAR NOTA DE REMISION;;REPORTADO;TIERRA FISCAL VIGENTE
231914;TIERRA FISCAL;TIERRA FISCAL;TIERRA FISCAL;TIERRA FISCAL;US-DDLP No0012/2005;31/8/2005;ADMINISTRATIVA;37632.2363;0;;IDENTIFICADA;TIERRA FISCAL;TIERRA FISCAL;LA PAZ;;;SAN-SIM;;;;;;;;2007;;;FALSO;6/2/2015;;;;;;;En la res.  Adm. Establece la sup. De 112707.1546 ha, SUMADO LA SUP DE LOS ID 231923, 231920, 231914, 231911 Y 231917 ES 110910.6092, DIFERENCIA DE SUPERFICIE 1796.5454 SERIDUBRE DE DOMINIO PUBLICOHR CATASTRO>DDRR:INF CAT:SEG. HR:SEG. HR:SEG. HR:SEG. HR: INF_INSP:  AP:  CONTENCIOSO:  OBS_DDRR:FALTA ENVIAR;0;;;10;;;;;NIEVEZ MORALES;RAMIRO FLORES;REVISAR NOTA DE REMISION;;REPORTADO;TIERRA FISCAL VIGENTE
